"Receiver ID","Receiver Name","Transaction Set Purpose Code","ASN Number","ASN Date","ASN Time","ASN Structure Code","Shipped Date","Shipped Time","Estimated Delivery Date","Estimated Delivery Time","Shipment Packaging Code ","Shipment Quantity","Shipment Weight Qualifier","Shipment Weight","Shipment Weight UOM","Shipment Volume","Shipment Volume UOM","Contact Name","Contact Phone","Contact Fax","Contact Email","Shipment Method of Payment","F.O.B. Point Code","F.O.B. Point","Routing Sequence Code","SCAC Code","Transportation Method","Routing/Carrier Name","Shipment Status Code","Service Level Code","Master Bill of Lading","Bill of Lading","PRO/Tracking/Pickup #","Invoice Number","Shipment Packing List Number","Manifest Number","Route Number","Mutually Defined","Ship To Name","Ship To Code Type","Ship To Code","Ship To Additional Name 1","Ship To Address 1","Ship To Address 2","Ship To City","Ship To State","Ship To ZipCode","Ship To Country","Bill To Name","Bill To Code Type","Bill To Code","Bill To Additional Name 1","Bill To Address 1","Bill To Address 2","Bill To City","Bill To State","Bill To ZipCode","Bill To Country","Ship From Name","Ship From Code Type","Ship From Code","Ship From Additional Name 1","Ship From Address 1","Ship From Address 2","Ship From City","Ship From State","Ship From ZipCode","Ship From Country","Reserved Shipment Field 1","Reserved Shipment Field 2","Reserved Shipment Field 3","Reserved Shipment Field 4","Reserved Shipment Field 5","Reserved Shipment Field 6","Reserved Shipment Field 7","Reserved Shipment Field 8","Reserved Shipment Field 9","Reserved Shipment Field 10","PO Number","PO Date","Release Number","Contract Number","PO Description Code","PO Description","Order Packaging Code ","Order Lading Quantity","Order Weight Qualifier","Order Weight","Order Weight UOM","Order Volume","Order Volume UOM","Order Status Code","Internal Vendor Number","Department Number","Invoice Number","Vendor Order Number","Buyer Buyer Name","Buyer Buyer Code Type","Buyer Buyer Code","Store Name","Store Code Type","Store Code","Store Address 1","Store Address 2","Store City","Store State","Store ZipCode","Store Country","Reserved Order Field 1","Reserved Order Field 2","Reserved Order Field 3","Reserved Order Field 4","Reserved Order Field 5","Carton ID Qualifier","Carton ID","Tracking Number","Carton Weight Qualifier","Carton Weight","Carton Weight UOM","Carton Volume","Carton Volume UOM","Carton Length","Carton Width","Carton Height","Carton Dimension UOM","Tare ID Qualifier","Tare ID","Reserved Package Field 1","Reserved Package Field 2","Reserved Package Field 3","Reserved Package Field 4","Reserved Package Field 5","PO Line Number","UPC/EAN Qualifier","UPC/EAN Code","Vendor Item Qualifier","Vendor Item Code","Buyer Item Qualifier","Buyer Item Code","Color Description","Size Description","Item Description","Shipped Quantity","Unit of Measurement ","Ordered Quantity","Unit of Measurement ","Item Status Code",Pack,Size,"Size Unit of Measurement","Inner Pack","Item Packaging Code","Item Weight Qualifier","Item Weight","Item Weight UOM","Item Volume","Item Volume UOM","Item Length","Item Width","Item Height","Item Dimension UOM","Manufacturer Date","Expiration Date","Roll Number Sequential","Roll Number","Lot Number","Commodity Code","Country of Origin","Item Packing List Number","Serial Number","Covalent Path File Reference","Reserved Item Field 1","Reserved Item Field 2","Reserved Item Field 3","Reserved Item Field 4","Reserved Item Field 5"
126063711145,,,091714084842,09/17/2014,13:48:42,,09/17/2014,,09/22/2014,,CTN25,170,,1275,LB,,,,,,,,,,,UYSN,M,Unyson,,,250005296,,,,,,,,,,,,,,,,,,,,,,,,,,,,,,,,,,,,,,,,,,,,,,,,6301188602,,,,,,CTN25,170,,,,,,,,,,,,,,,,,,,,,,,,,,,,,00008512380041408130,,,,,,,,,,,GM,00008512380041408123,,,,,,,UP,851238004014,,,,,,,,4,EA,680,,,4,,,,,,,,,,,,,,,,,,,,,,,\\Covhouprod01\MyB2BFiles\MyB2BFiles\DataFiles_V2\01026762440\Inbox\XMLASC\126063711145_01026762440_20140_{126063711145}_{2-2-8}_{850}_{6301188602}_0.xmlasc?1?1?,,,,,
126063711145,,,091714084842,09/17/2014,13:48:42,,09/17/2014,,09/22/2014,,CTN25,170,,1275,LB,,,,,,,,,,,UYSN,M,Unyson,,,250005296,,,,,,,,,,,,,,,,,,,,,,,,,,,,,,,,,,,,,,,,,,,,,,,,6301188602,,,,,,CTN25,170,,,,,,,,,,,,,,,,,,,,,,,,,,,,,00008512380041408147,,,,,,,,,,,GM,00008512380041408123,,,,,,,UP,851238004014,,,,,,,,4,EA,680,,,4,,,,,,,,,,,,,,,,,,,,,,,\\Covhouprod01\MyB2BFiles\MyB2BFiles\DataFiles_V2\01026762440\Inbox\XMLASC\126063711145_01026762440_20140_{126063711145}_{2-2-8}_{850}_{6301188602}_0.xmlasc?1?1?,,,,,
126063711145,,,091714084842,09/17/2014,13:48:42,,09/17/2014,,09/22/2014,,CTN25,170,,1275,LB,,,,,,,,,,,UYSN,M,Unyson,,,250005296,,,,,,,,,,,,,,,,,,,,,,,,,,,,,,,,,,,,,,,,,,,,,,,,6301188602,,,,,,CTN25,170,,,,,,,,,,,,,,,,,,,,,,,,,,,,,00008512380041408154,,,,,,,,,,,GM,00008512380041408123,,,,,,,UP,851238004014,,,,,,,,4,EA,680,,,4,,,,,,,,,,,,,,,,,,,,,,,\\Covhouprod01\MyB2BFiles\MyB2BFiles\DataFiles_V2\01026762440\Inbox\XMLASC\126063711145_01026762440_20140_{126063711145}_{2-2-8}_{850}_{6301188602}_0.xmlasc?1?1?,,,,,
126063711145,,,091714084842,09/17/2014,13:48:42,,09/17/2014,,09/22/2014,,CTN25,170,,1275,LB,,,,,,,,,,,UYSN,M,Unyson,,,250005296,,,,,,,,,,,,,,,,,,,,,,,,,,,,,,,,,,,,,,,,,,,,,,,,6301188602,,,,,,CTN25,170,,,,,,,,,,,,,,,,,,,,,,,,,,,,,00008512380041408161,,,,,,,,,,,GM,00008512380041408123,,,,,,,UP,851238004014,,,,,,,,4,EA,680,,,4,,,,,,,,,,,,,,,,,,,,,,,\\Covhouprod01\MyB2BFiles\MyB2BFiles\DataFiles_V2\01026762440\Inbox\XMLASC\126063711145_01026762440_20140_{126063711145}_{2-2-8}_{850}_{6301188602}_0.xmlasc?1?1?,,,,,
126063711145,,,091714084842,09/17/2014,13:48:42,,09/17/2014,,09/22/2014,,CTN25,170,,1275,LB,,,,,,,,,,,UYSN,M,Unyson,,,250005296,,,,,,,,,,,,,,,,,,,,,,,,,,,,,,,,,,,,,,,,,,,,,,,,6301188602,,,,,,CTN25,170,,,,,,,,,,,,,,,,,,,,,,,,,,,,,00008512380041408178,,,,,,,,,,,GM,00008512380041408123,,,,,,,UP,851238004014,,,,,,,,4,EA,680,,,4,,,,,,,,,,,,,,,,,,,,,,,\\Covhouprod01\MyB2BFiles\MyB2BFiles\DataFiles_V2\01026762440\Inbox\XMLASC\126063711145_01026762440_20140_{126063711145}_{2-2-8}_{850}_{6301188602}_0.xmlasc?1?1?,,,,,
126063711145,,,091714084842,09/17/2014,13:48:42,,09/17/2014,,09/22/2014,,CTN25,170,,1275,LB,,,,,,,,,,,UYSN,M,Unyson,,,250005296,,,,,,,,,,,,,,,,,,,,,,,,,,,,,,,,,,,,,,,,,,,,,,,,6301188602,,,,,,CTN25,170,,,,,,,,,,,,,,,,,,,,,,,,,,,,,00008512380041408185,,,,,,,,,,,GM,00008512380041408123,,,,,,,UP,851238004014,,,,,,,,4,EA,680,,,4,,,,,,,,,,,,,,,,,,,,,,,\\Covhouprod01\MyB2BFiles\MyB2BFiles\DataFiles_V2\01026762440\Inbox\XMLASC\126063711145_01026762440_20140_{126063711145}_{2-2-8}_{850}_{6301188602}_0.xmlasc?1?1?,,,,,
126063711145,,,091714084842,09/17/2014,13:48:42,,09/17/2014,,09/22/2014,,CTN25,170,,1275,LB,,,,,,,,,,,UYSN,M,Unyson,,,250005296,,,,,,,,,,,,,,,,,,,,,,,,,,,,,,,,,,,,,,,,,,,,,,,,6301188602,,,,,,CTN25,170,,,,,,,,,,,,,,,,,,,,,,,,,,,,,00008512380041408192,,,,,,,,,,,GM,00008512380041408123,,,,,,,UP,851238004014,,,,,,,,4,EA,680,,,4,,,,,,,,,,,,,,,,,,,,,,,\\Covhouprod01\MyB2BFiles\MyB2BFiles\DataFiles_V2\01026762440\Inbox\XMLASC\126063711145_01026762440_20140_{126063711145}_{2-2-8}_{850}_{6301188602}_0.xmlasc?1?1?,,,,,
126063711145,,,091714084842,09/17/2014,13:48:42,,09/17/2014,,09/22/2014,,CTN25,170,,1275,LB,,,,,,,,,,,UYSN,M,Unyson,,,250005296,,,,,,,,,,,,,,,,,,,,,,,,,,,,,,,,,,,,,,,,,,,,,,,,6301188602,,,,,,CTN25,170,,,,,,,,,,,,,,,,,,,,,,,,,,,,,00008512380041408208,,,,,,,,,,,GM,00008512380041408123,,,,,,,UP,851238004014,,,,,,,,4,EA,680,,,4,,,,,,,,,,,,,,,,,,,,,,,\\Covhouprod01\MyB2BFiles\MyB2BFiles\DataFiles_V2\01026762440\Inbox\XMLASC\126063711145_01026762440_20140_{126063711145}_{2-2-8}_{850}_{6301188602}_0.xmlasc?1?1?,,,,,
126063711145,,,091714084842,09/17/2014,13:48:42,,09/17/2014,,09/22/2014,,CTN25,170,,1275,LB,,,,,,,,,,,UYSN,M,Unyson,,,250005296,,,,,,,,,,,,,,,,,,,,,,,,,,,,,,,,,,,,,,,,,,,,,,,,6301188602,,,,,,CTN25,170,,,,,,,,,,,,,,,,,,,,,,,,,,,,,00008512380041408215,,,,,,,,,,,GM,00008512380041408123,,,,,,,UP,851238004014,,,,,,,,4,EA,680,,,4,,,,,,,,,,,,,,,,,,,,,,,\\Covhouprod01\MyB2BFiles\MyB2BFiles\DataFiles_V2\01026762440\Inbox\XMLASC\126063711145_01026762440_20140_{126063711145}_{2-2-8}_{850}_{6301188602}_0.xmlasc?1?1?,,,,,
126063711145,,,091714084842,09/17/2014,13:48:42,,09/17/2014,,09/22/2014,,CTN25,170,,1275,LB,,,,,,,,,,,UYSN,M,Unyson,,,250005296,,,,,,,,,,,,,,,,,,,,,,,,,,,,,,,,,,,,,,,,,,,,,,,,6301188602,,,,,,CTN25,170,,,,,,,,,,,,,,,,,,,,,,,,,,,,,00008512380041408222,,,,,,,,,,,GM,00008512380041408123,,,,,,,UP,851238004014,,,,,,,,4,EA,680,,,4,,,,,,,,,,,,,,,,,,,,,,,\\Covhouprod01\MyB2BFiles\MyB2BFiles\DataFiles_V2\01026762440\Inbox\XMLASC\126063711145_01026762440_20140_{126063711145}_{2-2-8}_{850}_{6301188602}_0.xmlasc?1?1?,,,,,
126063711145,,,091714084842,09/17/2014,13:48:42,,09/17/2014,,09/22/2014,,CTN25,170,,1275,LB,,,,,,,,,,,UYSN,M,Unyson,,,250005296,,,,,,,,,,,,,,,,,,,,,,,,,,,,,,,,,,,,,,,,,,,,,,,,6301188602,,,,,,CTN25,170,,,,,,,,,,,,,,,,,,,,,,,,,,,,,00008512380041408239,,,,,,,,,,,GM,00008512380041408123,,,,,,,UP,851238004014,,,,,,,,4,EA,680,,,4,,,,,,,,,,,,,,,,,,,,,,,\\Covhouprod01\MyB2BFiles\MyB2BFiles\DataFiles_V2\01026762440\Inbox\XMLASC\126063711145_01026762440_20140_{126063711145}_{2-2-8}_{850}_{6301188602}_0.xmlasc?1?1?,,,,,
126063711145,,,091714084842,09/17/2014,13:48:42,,09/17/2014,,09/22/2014,,CTN25,170,,1275,LB,,,,,,,,,,,UYSN,M,Unyson,,,250005296,,,,,,,,,,,,,,,,,,,,,,,,,,,,,,,,,,,,,,,,,,,,,,,,6301188602,,,,,,CTN25,170,,,,,,,,,,,,,,,,,,,,,,,,,,,,,00008512380041408246,,,,,,,,,,,GM,00008512380041408123,,,,,,,UP,851238004014,,,,,,,,4,EA,680,,,4,,,,,,,,,,,,,,,,,,,,,,,\\Covhouprod01\MyB2BFiles\MyB2BFiles\DataFiles_V2\01026762440\Inbox\XMLASC\126063711145_01026762440_20140_{126063711145}_{2-2-8}_{850}_{6301188602}_0.xmlasc?1?1?,,,,,
126063711145,,,091714084842,09/17/2014,13:48:42,,09/17/2014,,09/22/2014,,CTN25,170,,1275,LB,,,,,,,,,,,UYSN,M,Unyson,,,250005296,,,,,,,,,,,,,,,,,,,,,,,,,,,,,,,,,,,,,,,,,,,,,,,,6301188602,,,,,,CTN25,170,,,,,,,,,,,,,,,,,,,,,,,,,,,,,00008512380041408253,,,,,,,,,,,GM,00008512380041408123,,,,,,,UP,851238004014,,,,,,,,4,EA,680,,,4,,,,,,,,,,,,,,,,,,,,,,,\\Covhouprod01\MyB2BFiles\MyB2BFiles\DataFiles_V2\01026762440\Inbox\XMLASC\126063711145_01026762440_20140_{126063711145}_{2-2-8}_{850}_{6301188602}_0.xmlasc?1?1?,,,,,
126063711145,,,091714084842,09/17/2014,13:48:42,,09/17/2014,,09/22/2014,,CTN25,170,,1275,LB,,,,,,,,,,,UYSN,M,Unyson,,,250005296,,,,,,,,,,,,,,,,,,,,,,,,,,,,,,,,,,,,,,,,,,,,,,,,6301188602,,,,,,CTN25,170,,,,,,,,,,,,,,,,,,,,,,,,,,,,,00008512380041408260,,,,,,,,,,,GM,00008512380041408123,,,,,,,UP,851238004014,,,,,,,,4,EA,680,,,4,,,,,,,,,,,,,,,,,,,,,,,\\Covhouprod01\MyB2BFiles\MyB2BFiles\DataFiles_V2\01026762440\Inbox\XMLASC\126063711145_01026762440_20140_{126063711145}_{2-2-8}_{850}_{6301188602}_0.xmlasc?1?1?,,,,,
126063711145,,,091714084842,09/17/2014,13:48:42,,09/17/2014,,09/22/2014,,CTN25,170,,1275,LB,,,,,,,,,,,UYSN,M,Unyson,,,250005296,,,,,,,,,,,,,,,,,,,,,,,,,,,,,,,,,,,,,,,,,,,,,,,,6301188602,,,,,,CTN25,170,,,,,,,,,,,,,,,,,,,,,,,,,,,,,00008512380041408277,,,,,,,,,,,GM,00008512380041408123,,,,,,,UP,851238004014,,,,,,,,4,EA,680,,,4,,,,,,,,,,,,,,,,,,,,,,,\\Covhouprod01\MyB2BFiles\MyB2BFiles\DataFiles_V2\01026762440\Inbox\XMLASC\126063711145_01026762440_20140_{126063711145}_{2-2-8}_{850}_{6301188602}_0.xmlasc?1?1?,,,,,
126063711145,,,091714084842,09/17/2014,13:48:42,,09/17/2014,,09/22/2014,,CTN25,170,,1275,LB,,,,,,,,,,,UYSN,M,Unyson,,,250005296,,,,,,,,,,,,,,,,,,,,,,,,,,,,,,,,,,,,,,,,,,,,,,,,6301188602,,,,,,CTN25,170,,,,,,,,,,,,,,,,,,,,,,,,,,,,,00008512380041408284,,,,,,,,,,,GM,00008512380041408123,,,,,,,UP,851238004014,,,,,,,,4,EA,680,,,4,,,,,,,,,,,,,,,,,,,,,,,\\Covhouprod01\MyB2BFiles\MyB2BFiles\DataFiles_V2\01026762440\Inbox\XMLASC\126063711145_01026762440_20140_{126063711145}_{2-2-8}_{850}_{6301188602}_0.xmlasc?1?1?,,,,,
126063711145,,,091714084842,09/17/2014,13:48:42,,09/17/2014,,09/22/2014,,CTN25,170,,1275,LB,,,,,,,,,,,UYSN,M,Unyson,,,250005296,,,,,,,,,,,,,,,,,,,,,,,,,,,,,,,,,,,,,,,,,,,,,,,,6301188602,,,,,,CTN25,170,,,,,,,,,,,,,,,,,,,,,,,,,,,,,00008512380041408291,,,,,,,,,,,GM,00008512380041408123,,,,,,,UP,851238004014,,,,,,,,4,EA,680,,,4,,,,,,,,,,,,,,,,,,,,,,,\\Covhouprod01\MyB2BFiles\MyB2BFiles\DataFiles_V2\01026762440\Inbox\XMLASC\126063711145_01026762440_20140_{126063711145}_{2-2-8}_{850}_{6301188602}_0.xmlasc?1?1?,,,,,
126063711145,,,091714084842,09/17/2014,13:48:42,,09/17/2014,,09/22/2014,,CTN25,170,,1275,LB,,,,,,,,,,,UYSN,M,Unyson,,,250005296,,,,,,,,,,,,,,,,,,,,,,,,,,,,,,,,,,,,,,,,,,,,,,,,6301188602,,,,,,CTN25,170,,,,,,,,,,,,,,,,,,,,,,,,,,,,,00008512380041408307,,,,,,,,,,,GM,00008512380041408123,,,,,,,UP,851238004014,,,,,,,,4,EA,680,,,4,,,,,,,,,,,,,,,,,,,,,,,\\Covhouprod01\MyB2BFiles\MyB2BFiles\DataFiles_V2\01026762440\Inbox\XMLASC\126063711145_01026762440_20140_{126063711145}_{2-2-8}_{850}_{6301188602}_0.xmlasc?1?1?,,,,,
126063711145,,,091714084842,09/17/2014,13:48:42,,09/17/2014,,09/22/2014,,CTN25,170,,1275,LB,,,,,,,,,,,UYSN,M,Unyson,,,250005296,,,,,,,,,,,,,,,,,,,,,,,,,,,,,,,,,,,,,,,,,,,,,,,,6301188602,,,,,,CTN25,170,,,,,,,,,,,,,,,,,,,,,,,,,,,,,00008512380041408314,,,,,,,,,,,GM,00008512380041408123,,,,,,,UP,851238004014,,,,,,,,4,EA,680,,,4,,,,,,,,,,,,,,,,,,,,,,,\\Covhouprod01\MyB2BFiles\MyB2BFiles\DataFiles_V2\01026762440\Inbox\XMLASC\126063711145_01026762440_20140_{126063711145}_{2-2-8}_{850}_{6301188602}_0.xmlasc?1?1?,,,,,
126063711145,,,091714084842,09/17/2014,13:48:42,,09/17/2014,,09/22/2014,,CTN25,170,,1275,LB,,,,,,,,,,,UYSN,M,Unyson,,,250005296,,,,,,,,,,,,,,,,,,,,,,,,,,,,,,,,,,,,,,,,,,,,,,,,6301188602,,,,,,CTN25,170,,,,,,,,,,,,,,,,,,,,,,,,,,,,,00008512380041408321,,,,,,,,,,,GM,00008512380041408123,,,,,,,UP,851238004014,,,,,,,,4,EA,680,,,4,,,,,,,,,,,,,,,,,,,,,,,\\Covhouprod01\MyB2BFiles\MyB2BFiles\DataFiles_V2\01026762440\Inbox\XMLASC\126063711145_01026762440_20140_{126063711145}_{2-2-8}_{850}_{6301188602}_0.xmlasc?1?1?,,,,,
126063711145,,,091714084842,09/17/2014,13:48:42,,09/17/2014,,09/22/2014,,CTN25,170,,1275,LB,,,,,,,,,,,UYSN,M,Unyson,,,250005296,,,,,,,,,,,,,,,,,,,,,,,,,,,,,,,,,,,,,,,,,,,,,,,,6301188602,,,,,,CTN25,170,,,,,,,,,,,,,,,,,,,,,,,,,,,,,00008512380041408338,,,,,,,,,,,GM,00008512380041408123,,,,,,,UP,851238004014,,,,,,,,4,EA,680,,,4,,,,,,,,,,,,,,,,,,,,,,,\\Covhouprod01\MyB2BFiles\MyB2BFiles\DataFiles_V2\01026762440\Inbox\XMLASC\126063711145_01026762440_20140_{126063711145}_{2-2-8}_{850}_{6301188602}_0.xmlasc?1?1?,,,,,
126063711145,,,091714084842,09/17/2014,13:48:42,,09/17/2014,,09/22/2014,,CTN25,170,,1275,LB,,,,,,,,,,,UYSN,M,Unyson,,,250005296,,,,,,,,,,,,,,,,,,,,,,,,,,,,,,,,,,,,,,,,,,,,,,,,6301188602,,,,,,CTN25,170,,,,,,,,,,,,,,,,,,,,,,,,,,,,,00008512380041408345,,,,,,,,,,,GM,00008512380041408123,,,,,,,UP,851238004014,,,,,,,,4,EA,680,,,4,,,,,,,,,,,,,,,,,,,,,,,\\Covhouprod01\MyB2BFiles\MyB2BFiles\DataFiles_V2\01026762440\Inbox\XMLASC\126063711145_01026762440_20140_{126063711145}_{2-2-8}_{850}_{6301188602}_0.xmlasc?1?1?,,,,,
126063711145,,,091714084842,09/17/2014,13:48:42,,09/17/2014,,09/22/2014,,CTN25,170,,1275,LB,,,,,,,,,,,UYSN,M,Unyson,,,250005296,,,,,,,,,,,,,,,,,,,,,,,,,,,,,,,,,,,,,,,,,,,,,,,,6301188602,,,,,,CTN25,170,,,,,,,,,,,,,,,,,,,,,,,,,,,,,00008512380041408352,,,,,,,,,,,GM,00008512380041408123,,,,,,,UP,851238004014,,,,,,,,4,EA,680,,,4,,,,,,,,,,,,,,,,,,,,,,,\\Covhouprod01\MyB2BFiles\MyB2BFiles\DataFiles_V2\01026762440\Inbox\XMLASC\126063711145_01026762440_20140_{126063711145}_{2-2-8}_{850}_{6301188602}_0.xmlasc?1?1?,,,,,
126063711145,,,091714084842,09/17/2014,13:48:42,,09/17/2014,,09/22/2014,,CTN25,170,,1275,LB,,,,,,,,,,,UYSN,M,Unyson,,,250005296,,,,,,,,,,,,,,,,,,,,,,,,,,,,,,,,,,,,,,,,,,,,,,,,6301188602,,,,,,CTN25,170,,,,,,,,,,,,,,,,,,,,,,,,,,,,,00008512380041408369,,,,,,,,,,,GM,00008512380041408123,,,,,,,UP,851238004014,,,,,,,,4,EA,680,,,4,,,,,,,,,,,,,,,,,,,,,,,\\Covhouprod01\MyB2BFiles\MyB2BFiles\DataFiles_V2\01026762440\Inbox\XMLASC\126063711145_01026762440_20140_{126063711145}_{2-2-8}_{850}_{6301188602}_0.xmlasc?1?1?,,,,,
126063711145,,,091714084842,09/17/2014,13:48:42,,09/17/2014,,09/22/2014,,CTN25,170,,1275,LB,,,,,,,,,,,UYSN,M,Unyson,,,250005296,,,,,,,,,,,,,,,,,,,,,,,,,,,,,,,,,,,,,,,,,,,,,,,,6301188602,,,,,,CTN25,170,,,,,,,,,,,,,,,,,,,,,,,,,,,,,00008512380041408376,,,,,,,,,,,GM,00008512380041408123,,,,,,,UP,851238004014,,,,,,,,4,EA,680,,,4,,,,,,,,,,,,,,,,,,,,,,,\\Covhouprod01\MyB2BFiles\MyB2BFiles\DataFiles_V2\01026762440\Inbox\XMLASC\126063711145_01026762440_20140_{126063711145}_{2-2-8}_{850}_{6301188602}_0.xmlasc?1?1?,,,,,
126063711145,,,091714084842,09/17/2014,13:48:42,,09/17/2014,,09/22/2014,,CTN25,170,,1275,LB,,,,,,,,,,,UYSN,M,Unyson,,,250005296,,,,,,,,,,,,,,,,,,,,,,,,,,,,,,,,,,,,,,,,,,,,,,,,6301188602,,,,,,CTN25,170,,,,,,,,,,,,,,,,,,,,,,,,,,,,,00008512380041408383,,,,,,,,,,,GM,00008512380041408123,,,,,,,UP,851238004014,,,,,,,,4,EA,680,,,4,,,,,,,,,,,,,,,,,,,,,,,\\Covhouprod01\MyB2BFiles\MyB2BFiles\DataFiles_V2\01026762440\Inbox\XMLASC\126063711145_01026762440_20140_{126063711145}_{2-2-8}_{850}_{6301188602}_0.xmlasc?1?1?,,,,,
126063711145,,,091714084842,09/17/2014,13:48:42,,09/17/2014,,09/22/2014,,CTN25,170,,1275,LB,,,,,,,,,,,UYSN,M,Unyson,,,250005296,,,,,,,,,,,,,,,,,,,,,,,,,,,,,,,,,,,,,,,,,,,,,,,,6301188602,,,,,,CTN25,170,,,,,,,,,,,,,,,,,,,,,,,,,,,,,00008512380041408390,,,,,,,,,,,GM,00008512380041408123,,,,,,,UP,851238004014,,,,,,,,4,EA,680,,,4,,,,,,,,,,,,,,,,,,,,,,,\\Covhouprod01\MyB2BFiles\MyB2BFiles\DataFiles_V2\01026762440\Inbox\XMLASC\126063711145_01026762440_20140_{126063711145}_{2-2-8}_{850}_{6301188602}_0.xmlasc?1?1?,,,,,
126063711145,,,091714084842,09/17/2014,13:48:42,,09/17/2014,,09/22/2014,,CTN25,170,,1275,LB,,,,,,,,,,,UYSN,M,Unyson,,,250005296,,,,,,,,,,,,,,,,,,,,,,,,,,,,,,,,,,,,,,,,,,,,,,,,6301188602,,,,,,CTN25,170,,,,,,,,,,,,,,,,,,,,,,,,,,,,,00008512380041408406,,,,,,,,,,,GM,00008512380041408123,,,,,,,UP,851238004014,,,,,,,,4,EA,680,,,4,,,,,,,,,,,,,,,,,,,,,,,\\Covhouprod01\MyB2BFiles\MyB2BFiles\DataFiles_V2\01026762440\Inbox\XMLASC\126063711145_01026762440_20140_{126063711145}_{2-2-8}_{850}_{6301188602}_0.xmlasc?1?1?,,,,,
126063711145,,,091714084842,09/17/2014,13:48:42,,09/17/2014,,09/22/2014,,CTN25,170,,1275,LB,,,,,,,,,,,UYSN,M,Unyson,,,250005296,,,,,,,,,,,,,,,,,,,,,,,,,,,,,,,,,,,,,,,,,,,,,,,,6301188602,,,,,,CTN25,170,,,,,,,,,,,,,,,,,,,,,,,,,,,,,00008512380041408413,,,,,,,,,,,GM,00008512380041408123,,,,,,,UP,851238004014,,,,,,,,4,EA,680,,,4,,,,,,,,,,,,,,,,,,,,,,,\\Covhouprod01\MyB2BFiles\MyB2BFiles\DataFiles_V2\01026762440\Inbox\XMLASC\126063711145_01026762440_20140_{126063711145}_{2-2-8}_{850}_{6301188602}_0.xmlasc?1?1?,,,,,
126063711145,,,091714084842,09/17/2014,13:48:42,,09/17/2014,,09/22/2014,,CTN25,170,,1275,LB,,,,,,,,,,,UYSN,M,Unyson,,,250005296,,,,,,,,,,,,,,,,,,,,,,,,,,,,,,,,,,,,,,,,,,,,,,,,6301188602,,,,,,CTN25,170,,,,,,,,,,,,,,,,,,,,,,,,,,,,,00008512380041408420,,,,,,,,,,,GM,00008512380041408123,,,,,,,UP,851238004014,,,,,,,,4,EA,680,,,4,,,,,,,,,,,,,,,,,,,,,,,\\Covhouprod01\MyB2BFiles\MyB2BFiles\DataFiles_V2\01026762440\Inbox\XMLASC\126063711145_01026762440_20140_{126063711145}_{2-2-8}_{850}_{6301188602}_0.xmlasc?1?1?,,,,,
126063711145,,,091714084842,09/17/2014,13:48:42,,09/17/2014,,09/22/2014,,CTN25,170,,1275,LB,,,,,,,,,,,UYSN,M,Unyson,,,250005296,,,,,,,,,,,,,,,,,,,,,,,,,,,,,,,,,,,,,,,,,,,,,,,,6301188602,,,,,,CTN25,170,,,,,,,,,,,,,,,,,,,,,,,,,,,,,00008512380041408437,,,,,,,,,,,GM,00008512380041408123,,,,,,,UP,851238004014,,,,,,,,4,EA,680,,,4,,,,,,,,,,,,,,,,,,,,,,,\\Covhouprod01\MyB2BFiles\MyB2BFiles\DataFiles_V2\01026762440\Inbox\XMLASC\126063711145_01026762440_20140_{126063711145}_{2-2-8}_{850}_{6301188602}_0.xmlasc?1?1?,,,,,
126063711145,,,091714084842,09/17/2014,13:48:42,,09/17/2014,,09/22/2014,,CTN25,170,,1275,LB,,,,,,,,,,,UYSN,M,Unyson,,,250005296,,,,,,,,,,,,,,,,,,,,,,,,,,,,,,,,,,,,,,,,,,,,,,,,6301188602,,,,,,CTN25,170,,,,,,,,,,,,,,,,,,,,,,,,,,,,,00008512380041408444,,,,,,,,,,,GM,00008512380041408123,,,,,,,UP,851238004014,,,,,,,,4,EA,680,,,4,,,,,,,,,,,,,,,,,,,,,,,\\Covhouprod01\MyB2BFiles\MyB2BFiles\DataFiles_V2\01026762440\Inbox\XMLASC\126063711145_01026762440_20140_{126063711145}_{2-2-8}_{850}_{6301188602}_0.xmlasc?1?1?,,,,,
126063711145,,,091714084842,09/17/2014,13:48:42,,09/17/2014,,09/22/2014,,CTN25,170,,1275,LB,,,,,,,,,,,UYSN,M,Unyson,,,250005296,,,,,,,,,,,,,,,,,,,,,,,,,,,,,,,,,,,,,,,,,,,,,,,,6301188602,,,,,,CTN25,170,,,,,,,,,,,,,,,,,,,,,,,,,,,,,00008512380041408451,,,,,,,,,,,GM,00008512380041408123,,,,,,,UP,851238004014,,,,,,,,4,EA,680,,,4,,,,,,,,,,,,,,,,,,,,,,,\\Covhouprod01\MyB2BFiles\MyB2BFiles\DataFiles_V2\01026762440\Inbox\XMLASC\126063711145_01026762440_20140_{126063711145}_{2-2-8}_{850}_{6301188602}_0.xmlasc?1?1?,,,,,
126063711145,,,091714084842,09/17/2014,13:48:42,,09/17/2014,,09/22/2014,,CTN25,170,,1275,LB,,,,,,,,,,,UYSN,M,Unyson,,,250005296,,,,,,,,,,,,,,,,,,,,,,,,,,,,,,,,,,,,,,,,,,,,,,,,6301188602,,,,,,CTN25,170,,,,,,,,,,,,,,,,,,,,,,,,,,,,,00008512380041408468,,,,,,,,,,,GM,00008512380041408123,,,,,,,UP,851238004014,,,,,,,,4,EA,680,,,4,,,,,,,,,,,,,,,,,,,,,,,\\Covhouprod01\MyB2BFiles\MyB2BFiles\DataFiles_V2\01026762440\Inbox\XMLASC\126063711145_01026762440_20140_{126063711145}_{2-2-8}_{850}_{6301188602}_0.xmlasc?1?1?,,,,,
126063711145,,,091714084842,09/17/2014,13:48:42,,09/17/2014,,09/22/2014,,CTN25,170,,1275,LB,,,,,,,,,,,UYSN,M,Unyson,,,250005296,,,,,,,,,,,,,,,,,,,,,,,,,,,,,,,,,,,,,,,,,,,,,,,,6301188602,,,,,,CTN25,170,,,,,,,,,,,,,,,,,,,,,,,,,,,,,00008512380041408475,,,,,,,,,,,GM,00008512380041408123,,,,,,,UP,851238004014,,,,,,,,4,EA,680,,,4,,,,,,,,,,,,,,,,,,,,,,,\\Covhouprod01\MyB2BFiles\MyB2BFiles\DataFiles_V2\01026762440\Inbox\XMLASC\126063711145_01026762440_20140_{126063711145}_{2-2-8}_{850}_{6301188602}_0.xmlasc?1?1?,,,,,
126063711145,,,091714084842,09/17/2014,13:48:42,,09/17/2014,,09/22/2014,,CTN25,170,,1275,LB,,,,,,,,,,,UYSN,M,Unyson,,,250005296,,,,,,,,,,,,,,,,,,,,,,,,,,,,,,,,,,,,,,,,,,,,,,,,6301188602,,,,,,CTN25,170,,,,,,,,,,,,,,,,,,,,,,,,,,,,,00008512380041408482,,,,,,,,,,,GM,00008512380041408123,,,,,,,UP,851238004014,,,,,,,,4,EA,680,,,4,,,,,,,,,,,,,,,,,,,,,,,\\Covhouprod01\MyB2BFiles\MyB2BFiles\DataFiles_V2\01026762440\Inbox\XMLASC\126063711145_01026762440_20140_{126063711145}_{2-2-8}_{850}_{6301188602}_0.xmlasc?1?1?,,,,,
126063711145,,,091714084842,09/17/2014,13:48:42,,09/17/2014,,09/22/2014,,CTN25,170,,1275,LB,,,,,,,,,,,UYSN,M,Unyson,,,250005296,,,,,,,,,,,,,,,,,,,,,,,,,,,,,,,,,,,,,,,,,,,,,,,,6301188602,,,,,,CTN25,170,,,,,,,,,,,,,,,,,,,,,,,,,,,,,00008512380041408499,,,,,,,,,,,GM,00008512380041408123,,,,,,,UP,851238004014,,,,,,,,4,EA,680,,,4,,,,,,,,,,,,,,,,,,,,,,,\\Covhouprod01\MyB2BFiles\MyB2BFiles\DataFiles_V2\01026762440\Inbox\XMLASC\126063711145_01026762440_20140_{126063711145}_{2-2-8}_{850}_{6301188602}_0.xmlasc?1?1?,,,,,
126063711145,,,091714084842,09/17/2014,13:48:42,,09/17/2014,,09/22/2014,,CTN25,170,,1275,LB,,,,,,,,,,,UYSN,M,Unyson,,,250005296,,,,,,,,,,,,,,,,,,,,,,,,,,,,,,,,,,,,,,,,,,,,,,,,6301188602,,,,,,CTN25,170,,,,,,,,,,,,,,,,,,,,,,,,,,,,,00008512380041408505,,,,,,,,,,,GM,00008512380041408123,,,,,,,UP,851238004014,,,,,,,,4,EA,680,,,4,,,,,,,,,,,,,,,,,,,,,,,\\Covhouprod01\MyB2BFiles\MyB2BFiles\DataFiles_V2\01026762440\Inbox\XMLASC\126063711145_01026762440_20140_{126063711145}_{2-2-8}_{850}_{6301188602}_0.xmlasc?1?1?,,,,,
126063711145,,,091714084842,09/17/2014,13:48:42,,09/17/2014,,09/22/2014,,CTN25,170,,1275,LB,,,,,,,,,,,UYSN,M,Unyson,,,250005296,,,,,,,,,,,,,,,,,,,,,,,,,,,,,,,,,,,,,,,,,,,,,,,,6301188602,,,,,,CTN25,170,,,,,,,,,,,,,,,,,,,,,,,,,,,,,00008512380041408512,,,,,,,,,,,GM,00008512380041408123,,,,,,,UP,851238004014,,,,,,,,4,EA,680,,,4,,,,,,,,,,,,,,,,,,,,,,,\\Covhouprod01\MyB2BFiles\MyB2BFiles\DataFiles_V2\01026762440\Inbox\XMLASC\126063711145_01026762440_20140_{126063711145}_{2-2-8}_{850}_{6301188602}_0.xmlasc?1?1?,,,,,
126063711145,,,091714084842,09/17/2014,13:48:42,,09/17/2014,,09/22/2014,,CTN25,170,,1275,LB,,,,,,,,,,,UYSN,M,Unyson,,,250005296,,,,,,,,,,,,,,,,,,,,,,,,,,,,,,,,,,,,,,,,,,,,,,,,6301188602,,,,,,CTN25,170,,,,,,,,,,,,,,,,,,,,,,,,,,,,,00008512380041408529,,,,,,,,,,,GM,00008512380041408123,,,,,,,UP,851238004014,,,,,,,,4,EA,680,,,4,,,,,,,,,,,,,,,,,,,,,,,\\Covhouprod01\MyB2BFiles\MyB2BFiles\DataFiles_V2\01026762440\Inbox\XMLASC\126063711145_01026762440_20140_{126063711145}_{2-2-8}_{850}_{6301188602}_0.xmlasc?1?1?,,,,,
126063711145,,,091714084842,09/17/2014,13:48:42,,09/17/2014,,09/22/2014,,CTN25,170,,1275,LB,,,,,,,,,,,UYSN,M,Unyson,,,250005296,,,,,,,,,,,,,,,,,,,,,,,,,,,,,,,,,,,,,,,,,,,,,,,,6301188602,,,,,,CTN25,170,,,,,,,,,,,,,,,,,,,,,,,,,,,,,00008512380041408536,,,,,,,,,,,GM,00008512380041408123,,,,,,,UP,851238004014,,,,,,,,4,EA,680,,,4,,,,,,,,,,,,,,,,,,,,,,,\\Covhouprod01\MyB2BFiles\MyB2BFiles\DataFiles_V2\01026762440\Inbox\XMLASC\126063711145_01026762440_20140_{126063711145}_{2-2-8}_{850}_{6301188602}_0.xmlasc?1?1?,,,,,
126063711145,,,091714084842,09/17/2014,13:48:42,,09/17/2014,,09/22/2014,,CTN25,170,,1275,LB,,,,,,,,,,,UYSN,M,Unyson,,,250005296,,,,,,,,,,,,,,,,,,,,,,,,,,,,,,,,,,,,,,,,,,,,,,,,6301188602,,,,,,CTN25,170,,,,,,,,,,,,,,,,,,,,,,,,,,,,,00008512380041408543,,,,,,,,,,,GM,00008512380041408123,,,,,,,UP,851238004014,,,,,,,,4,EA,680,,,4,,,,,,,,,,,,,,,,,,,,,,,\\Covhouprod01\MyB2BFiles\MyB2BFiles\DataFiles_V2\01026762440\Inbox\XMLASC\126063711145_01026762440_20140_{126063711145}_{2-2-8}_{850}_{6301188602}_0.xmlasc?1?1?,,,,,
126063711145,,,091714084842,09/17/2014,13:48:42,,09/17/2014,,09/22/2014,,CTN25,170,,1275,LB,,,,,,,,,,,UYSN,M,Unyson,,,250005296,,,,,,,,,,,,,,,,,,,,,,,,,,,,,,,,,,,,,,,,,,,,,,,,6301188602,,,,,,CTN25,170,,,,,,,,,,,,,,,,,,,,,,,,,,,,,00008512380041408550,,,,,,,,,,,GM,00008512380041408123,,,,,,,UP,851238004014,,,,,,,,4,EA,680,,,4,,,,,,,,,,,,,,,,,,,,,,,\\Covhouprod01\MyB2BFiles\MyB2BFiles\DataFiles_V2\01026762440\Inbox\XMLASC\126063711145_01026762440_20140_{126063711145}_{2-2-8}_{850}_{6301188602}_0.xmlasc?1?1?,,,,,
126063711145,,,091714084842,09/17/2014,13:48:42,,09/17/2014,,09/22/2014,,CTN25,170,,1275,LB,,,,,,,,,,,UYSN,M,Unyson,,,250005296,,,,,,,,,,,,,,,,,,,,,,,,,,,,,,,,,,,,,,,,,,,,,,,,6301188602,,,,,,CTN25,170,,,,,,,,,,,,,,,,,,,,,,,,,,,,,00008512380041408567,,,,,,,,,,,GM,00008512380041408123,,,,,,,UP,851238004014,,,,,,,,4,EA,680,,,4,,,,,,,,,,,,,,,,,,,,,,,\\Covhouprod01\MyB2BFiles\MyB2BFiles\DataFiles_V2\01026762440\Inbox\XMLASC\126063711145_01026762440_20140_{126063711145}_{2-2-8}_{850}_{6301188602}_0.xmlasc?1?1?,,,,,
126063711145,,,091714084842,09/17/2014,13:48:42,,09/17/2014,,09/22/2014,,CTN25,170,,1275,LB,,,,,,,,,,,UYSN,M,Unyson,,,250005296,,,,,,,,,,,,,,,,,,,,,,,,,,,,,,,,,,,,,,,,,,,,,,,,6301188602,,,,,,CTN25,170,,,,,,,,,,,,,,,,,,,,,,,,,,,,,00008512380041408574,,,,,,,,,,,GM,00008512380041408123,,,,,,,UP,851238004014,,,,,,,,4,EA,680,,,4,,,,,,,,,,,,,,,,,,,,,,,\\Covhouprod01\MyB2BFiles\MyB2BFiles\DataFiles_V2\01026762440\Inbox\XMLASC\126063711145_01026762440_20140_{126063711145}_{2-2-8}_{850}_{6301188602}_0.xmlasc?1?1?,,,,,
126063711145,,,091714084842,09/17/2014,13:48:42,,09/17/2014,,09/22/2014,,CTN25,170,,1275,LB,,,,,,,,,,,UYSN,M,Unyson,,,250005296,,,,,,,,,,,,,,,,,,,,,,,,,,,,,,,,,,,,,,,,,,,,,,,,6301188602,,,,,,CTN25,170,,,,,,,,,,,,,,,,,,,,,,,,,,,,,00008512380041408581,,,,,,,,,,,GM,00008512380041408123,,,,,,,UP,851238004014,,,,,,,,4,EA,680,,,4,,,,,,,,,,,,,,,,,,,,,,,\\Covhouprod01\MyB2BFiles\MyB2BFiles\DataFiles_V2\01026762440\Inbox\XMLASC\126063711145_01026762440_20140_{126063711145}_{2-2-8}_{850}_{6301188602}_0.xmlasc?1?1?,,,,,
126063711145,,,091714084842,09/17/2014,13:48:42,,09/17/2014,,09/22/2014,,CTN25,170,,1275,LB,,,,,,,,,,,UYSN,M,Unyson,,,250005296,,,,,,,,,,,,,,,,,,,,,,,,,,,,,,,,,,,,,,,,,,,,,,,,6301188602,,,,,,CTN25,170,,,,,,,,,,,,,,,,,,,,,,,,,,,,,00008512380041408598,,,,,,,,,,,GM,00008512380041408123,,,,,,,UP,851238004014,,,,,,,,4,EA,680,,,4,,,,,,,,,,,,,,,,,,,,,,,\\Covhouprod01\MyB2BFiles\MyB2BFiles\DataFiles_V2\01026762440\Inbox\XMLASC\126063711145_01026762440_20140_{126063711145}_{2-2-8}_{850}_{6301188602}_0.xmlasc?1?1?,,,,,
126063711145,,,091714084842,09/17/2014,13:48:42,,09/17/2014,,09/22/2014,,CTN25,170,,1275,LB,,,,,,,,,,,UYSN,M,Unyson,,,250005296,,,,,,,,,,,,,,,,,,,,,,,,,,,,,,,,,,,,,,,,,,,,,,,,6301188602,,,,,,CTN25,170,,,,,,,,,,,,,,,,,,,,,,,,,,,,,00008512380041408604,,,,,,,,,,,GM,00008512380041408123,,,,,,,UP,851238004014,,,,,,,,4,EA,680,,,4,,,,,,,,,,,,,,,,,,,,,,,\\Covhouprod01\MyB2BFiles\MyB2BFiles\DataFiles_V2\01026762440\Inbox\XMLASC\126063711145_01026762440_20140_{126063711145}_{2-2-8}_{850}_{6301188602}_0.xmlasc?1?1?,,,,,
126063711145,,,091714084842,09/17/2014,13:48:42,,09/17/2014,,09/22/2014,,CTN25,170,,1275,LB,,,,,,,,,,,UYSN,M,Unyson,,,250005296,,,,,,,,,,,,,,,,,,,,,,,,,,,,,,,,,,,,,,,,,,,,,,,,6301188602,,,,,,CTN25,170,,,,,,,,,,,,,,,,,,,,,,,,,,,,,00008512380041408611,,,,,,,,,,,GM,00008512380041408123,,,,,,,UP,851238004014,,,,,,,,4,EA,680,,,4,,,,,,,,,,,,,,,,,,,,,,,\\Covhouprod01\MyB2BFiles\MyB2BFiles\DataFiles_V2\01026762440\Inbox\XMLASC\126063711145_01026762440_20140_{126063711145}_{2-2-8}_{850}_{6301188602}_0.xmlasc?1?1?,,,,,
126063711145,,,091714084842,09/17/2014,13:48:42,,09/17/2014,,09/22/2014,,CTN25,170,,1275,LB,,,,,,,,,,,UYSN,M,Unyson,,,250005296,,,,,,,,,,,,,,,,,,,,,,,,,,,,,,,,,,,,,,,,,,,,,,,,6301188602,,,,,,CTN25,170,,,,,,,,,,,,,,,,,,,,,,,,,,,,,00008512380041408628,,,,,,,,,,,GM,00008512380041408123,,,,,,,UP,851238004014,,,,,,,,4,EA,680,,,4,,,,,,,,,,,,,,,,,,,,,,,\\Covhouprod01\MyB2BFiles\MyB2BFiles\DataFiles_V2\01026762440\Inbox\XMLASC\126063711145_01026762440_20140_{126063711145}_{2-2-8}_{850}_{6301188602}_0.xmlasc?1?1?,,,,,
126063711145,,,091714084842,09/17/2014,13:48:42,,09/17/2014,,09/22/2014,,CTN25,170,,1275,LB,,,,,,,,,,,UYSN,M,Unyson,,,250005296,,,,,,,,,,,,,,,,,,,,,,,,,,,,,,,,,,,,,,,,,,,,,,,,6301188602,,,,,,CTN25,170,,,,,,,,,,,,,,,,,,,,,,,,,,,,,00008512380041408635,,,,,,,,,,,GM,00008512380041408123,,,,,,,UP,851238004014,,,,,,,,4,EA,680,,,4,,,,,,,,,,,,,,,,,,,,,,,\\Covhouprod01\MyB2BFiles\MyB2BFiles\DataFiles_V2\01026762440\Inbox\XMLASC\126063711145_01026762440_20140_{126063711145}_{2-2-8}_{850}_{6301188602}_0.xmlasc?1?1?,,,,,
126063711145,,,091714084842,09/17/2014,13:48:42,,09/17/2014,,09/22/2014,,CTN25,170,,1275,LB,,,,,,,,,,,UYSN,M,Unyson,,,250005296,,,,,,,,,,,,,,,,,,,,,,,,,,,,,,,,,,,,,,,,,,,,,,,,6301188602,,,,,,CTN25,170,,,,,,,,,,,,,,,,,,,,,,,,,,,,,00008512380041408642,,,,,,,,,,,GM,00008512380041408123,,,,,,,UP,851238004014,,,,,,,,4,EA,680,,,4,,,,,,,,,,,,,,,,,,,,,,,\\Covhouprod01\MyB2BFiles\MyB2BFiles\DataFiles_V2\01026762440\Inbox\XMLASC\126063711145_01026762440_20140_{126063711145}_{2-2-8}_{850}_{6301188602}_0.xmlasc?1?1?,,,,,
126063711145,,,091714084842,09/17/2014,13:48:42,,09/17/2014,,09/22/2014,,CTN25,170,,1275,LB,,,,,,,,,,,UYSN,M,Unyson,,,250005296,,,,,,,,,,,,,,,,,,,,,,,,,,,,,,,,,,,,,,,,,,,,,,,,6301188602,,,,,,CTN25,170,,,,,,,,,,,,,,,,,,,,,,,,,,,,,00008512380041408659,,,,,,,,,,,GM,00008512380041408123,,,,,,,UP,851238004014,,,,,,,,4,EA,680,,,4,,,,,,,,,,,,,,,,,,,,,,,\\Covhouprod01\MyB2BFiles\MyB2BFiles\DataFiles_V2\01026762440\Inbox\XMLASC\126063711145_01026762440_20140_{126063711145}_{2-2-8}_{850}_{6301188602}_0.xmlasc?1?1?,,,,,
126063711145,,,091714084842,09/17/2014,13:48:42,,09/17/2014,,09/22/2014,,CTN25,170,,1275,LB,,,,,,,,,,,UYSN,M,Unyson,,,250005296,,,,,,,,,,,,,,,,,,,,,,,,,,,,,,,,,,,,,,,,,,,,,,,,6301188602,,,,,,CTN25,170,,,,,,,,,,,,,,,,,,,,,,,,,,,,,00008512380041408666,,,,,,,,,,,GM,00008512380041408123,,,,,,,UP,851238004014,,,,,,,,4,EA,680,,,4,,,,,,,,,,,,,,,,,,,,,,,\\Covhouprod01\MyB2BFiles\MyB2BFiles\DataFiles_V2\01026762440\Inbox\XMLASC\126063711145_01026762440_20140_{126063711145}_{2-2-8}_{850}_{6301188602}_0.xmlasc?1?1?,,,,,
126063711145,,,091714084842,09/17/2014,13:48:42,,09/17/2014,,09/22/2014,,CTN25,170,,1275,LB,,,,,,,,,,,UYSN,M,Unyson,,,250005296,,,,,,,,,,,,,,,,,,,,,,,,,,,,,,,,,,,,,,,,,,,,,,,,6301188602,,,,,,CTN25,170,,,,,,,,,,,,,,,,,,,,,,,,,,,,,00008512380041408673,,,,,,,,,,,GM,00008512380041408123,,,,,,,UP,851238004014,,,,,,,,4,EA,680,,,4,,,,,,,,,,,,,,,,,,,,,,,\\Covhouprod01\MyB2BFiles\MyB2BFiles\DataFiles_V2\01026762440\Inbox\XMLASC\126063711145_01026762440_20140_{126063711145}_{2-2-8}_{850}_{6301188602}_0.xmlasc?1?1?,,,,,
126063711145,,,091714084842,09/17/2014,13:48:42,,09/17/2014,,09/22/2014,,CTN25,170,,1275,LB,,,,,,,,,,,UYSN,M,Unyson,,,250005296,,,,,,,,,,,,,,,,,,,,,,,,,,,,,,,,,,,,,,,,,,,,,,,,6301188602,,,,,,CTN25,170,,,,,,,,,,,,,,,,,,,,,,,,,,,,,00008512380041408680,,,,,,,,,,,GM,00008512380041408123,,,,,,,UP,851238004014,,,,,,,,4,EA,680,,,4,,,,,,,,,,,,,,,,,,,,,,,\\Covhouprod01\MyB2BFiles\MyB2BFiles\DataFiles_V2\01026762440\Inbox\XMLASC\126063711145_01026762440_20140_{126063711145}_{2-2-8}_{850}_{6301188602}_0.xmlasc?1?1?,,,,,
126063711145,,,091714084842,09/17/2014,13:48:42,,09/17/2014,,09/22/2014,,CTN25,170,,1275,LB,,,,,,,,,,,UYSN,M,Unyson,,,250005296,,,,,,,,,,,,,,,,,,,,,,,,,,,,,,,,,,,,,,,,,,,,,,,,6301188602,,,,,,CTN25,170,,,,,,,,,,,,,,,,,,,,,,,,,,,,,00008512380041408697,,,,,,,,,,,GM,00008512380041408123,,,,,,,UP,851238004014,,,,,,,,4,EA,680,,,4,,,,,,,,,,,,,,,,,,,,,,,\\Covhouprod01\MyB2BFiles\MyB2BFiles\DataFiles_V2\01026762440\Inbox\XMLASC\126063711145_01026762440_20140_{126063711145}_{2-2-8}_{850}_{6301188602}_0.xmlasc?1?1?,,,,,
126063711145,,,091714084842,09/17/2014,13:48:42,,09/17/2014,,09/22/2014,,CTN25,170,,1275,LB,,,,,,,,,,,UYSN,M,Unyson,,,250005296,,,,,,,,,,,,,,,,,,,,,,,,,,,,,,,,,,,,,,,,,,,,,,,,6301188602,,,,,,CTN25,170,,,,,,,,,,,,,,,,,,,,,,,,,,,,,00008512380041408703,,,,,,,,,,,GM,00008512380041408123,,,,,,,UP,851238004014,,,,,,,,4,EA,680,,,4,,,,,,,,,,,,,,,,,,,,,,,\\Covhouprod01\MyB2BFiles\MyB2BFiles\DataFiles_V2\01026762440\Inbox\XMLASC\126063711145_01026762440_20140_{126063711145}_{2-2-8}_{850}_{6301188602}_0.xmlasc?1?1?,,,,,
126063711145,,,091714084842,09/17/2014,13:48:42,,09/17/2014,,09/22/2014,,CTN25,170,,1275,LB,,,,,,,,,,,UYSN,M,Unyson,,,250005296,,,,,,,,,,,,,,,,,,,,,,,,,,,,,,,,,,,,,,,,,,,,,,,,6301188602,,,,,,CTN25,170,,,,,,,,,,,,,,,,,,,,,,,,,,,,,00008512380041408710,,,,,,,,,,,GM,00008512380041408123,,,,,,,UP,851238004014,,,,,,,,4,EA,680,,,4,,,,,,,,,,,,,,,,,,,,,,,\\Covhouprod01\MyB2BFiles\MyB2BFiles\DataFiles_V2\01026762440\Inbox\XMLASC\126063711145_01026762440_20140_{126063711145}_{2-2-8}_{850}_{6301188602}_0.xmlasc?1?1?,,,,,
126063711145,,,091714084842,09/17/2014,13:48:42,,09/17/2014,,09/22/2014,,CTN25,170,,1275,LB,,,,,,,,,,,UYSN,M,Unyson,,,250005296,,,,,,,,,,,,,,,,,,,,,,,,,,,,,,,,,,,,,,,,,,,,,,,,6301188602,,,,,,CTN25,170,,,,,,,,,,,,,,,,,,,,,,,,,,,,,00008512380041408727,,,,,,,,,,,GM,00008512380041408123,,,,,,,UP,851238004014,,,,,,,,4,EA,680,,,4,,,,,,,,,,,,,,,,,,,,,,,\\Covhouprod01\MyB2BFiles\MyB2BFiles\DataFiles_V2\01026762440\Inbox\XMLASC\126063711145_01026762440_20140_{126063711145}_{2-2-8}_{850}_{6301188602}_0.xmlasc?1?1?,,,,,
126063711145,,,091714084842,09/17/2014,13:48:42,,09/17/2014,,09/22/2014,,CTN25,170,,1275,LB,,,,,,,,,,,UYSN,M,Unyson,,,250005296,,,,,,,,,,,,,,,,,,,,,,,,,,,,,,,,,,,,,,,,,,,,,,,,6301188602,,,,,,CTN25,170,,,,,,,,,,,,,,,,,,,,,,,,,,,,,00008512380041408734,,,,,,,,,,,GM,00008512380041408123,,,,,,,UP,851238004014,,,,,,,,4,EA,680,,,4,,,,,,,,,,,,,,,,,,,,,,,\\Covhouprod01\MyB2BFiles\MyB2BFiles\DataFiles_V2\01026762440\Inbox\XMLASC\126063711145_01026762440_20140_{126063711145}_{2-2-8}_{850}_{6301188602}_0.xmlasc?1?1?,,,,,
126063711145,,,091714084842,09/17/2014,13:48:42,,09/17/2014,,09/22/2014,,CTN25,170,,1275,LB,,,,,,,,,,,UYSN,M,Unyson,,,250005296,,,,,,,,,,,,,,,,,,,,,,,,,,,,,,,,,,,,,,,,,,,,,,,,6301188602,,,,,,CTN25,170,,,,,,,,,,,,,,,,,,,,,,,,,,,,,00008512380041408741,,,,,,,,,,,GM,00008512380041408123,,,,,,,UP,851238004014,,,,,,,,4,EA,680,,,4,,,,,,,,,,,,,,,,,,,,,,,\\Covhouprod01\MyB2BFiles\MyB2BFiles\DataFiles_V2\01026762440\Inbox\XMLASC\126063711145_01026762440_20140_{126063711145}_{2-2-8}_{850}_{6301188602}_0.xmlasc?1?1?,,,,,
126063711145,,,091714084842,09/17/2014,13:48:42,,09/17/2014,,09/22/2014,,CTN25,170,,1275,LB,,,,,,,,,,,UYSN,M,Unyson,,,250005296,,,,,,,,,,,,,,,,,,,,,,,,,,,,,,,,,,,,,,,,,,,,,,,,6301188602,,,,,,CTN25,170,,,,,,,,,,,,,,,,,,,,,,,,,,,,,00008512380041408758,,,,,,,,,,,GM,00008512380041408123,,,,,,,UP,851238004014,,,,,,,,4,EA,680,,,4,,,,,,,,,,,,,,,,,,,,,,,\\Covhouprod01\MyB2BFiles\MyB2BFiles\DataFiles_V2\01026762440\Inbox\XMLASC\126063711145_01026762440_20140_{126063711145}_{2-2-8}_{850}_{6301188602}_0.xmlasc?1?1?,,,,,
126063711145,,,091714084842,09/17/2014,13:48:42,,09/17/2014,,09/22/2014,,CTN25,170,,1275,LB,,,,,,,,,,,UYSN,M,Unyson,,,250005296,,,,,,,,,,,,,,,,,,,,,,,,,,,,,,,,,,,,,,,,,,,,,,,,6301188602,,,,,,CTN25,170,,,,,,,,,,,,,,,,,,,,,,,,,,,,,00008512380041408765,,,,,,,,,,,GM,00008512380041408123,,,,,,,UP,851238004014,,,,,,,,4,EA,680,,,4,,,,,,,,,,,,,,,,,,,,,,,\\Covhouprod01\MyB2BFiles\MyB2BFiles\DataFiles_V2\01026762440\Inbox\XMLASC\126063711145_01026762440_20140_{126063711145}_{2-2-8}_{850}_{6301188602}_0.xmlasc?1?1?,,,,,
126063711145,,,091714084842,09/17/2014,13:48:42,,09/17/2014,,09/22/2014,,CTN25,170,,1275,LB,,,,,,,,,,,UYSN,M,Unyson,,,250005296,,,,,,,,,,,,,,,,,,,,,,,,,,,,,,,,,,,,,,,,,,,,,,,,6301188602,,,,,,CTN25,170,,,,,,,,,,,,,,,,,,,,,,,,,,,,,00008512380041408772,,,,,,,,,,,GM,00008512380041408123,,,,,,,UP,851238004014,,,,,,,,4,EA,680,,,4,,,,,,,,,,,,,,,,,,,,,,,\\Covhouprod01\MyB2BFiles\MyB2BFiles\DataFiles_V2\01026762440\Inbox\XMLASC\126063711145_01026762440_20140_{126063711145}_{2-2-8}_{850}_{6301188602}_0.xmlasc?1?1?,,,,,
126063711145,,,091714084842,09/17/2014,13:48:42,,09/17/2014,,09/22/2014,,CTN25,170,,1275,LB,,,,,,,,,,,UYSN,M,Unyson,,,250005296,,,,,,,,,,,,,,,,,,,,,,,,,,,,,,,,,,,,,,,,,,,,,,,,6301188602,,,,,,CTN25,170,,,,,,,,,,,,,,,,,,,,,,,,,,,,,00008512380041408789,,,,,,,,,,,GM,00008512380041408123,,,,,,,UP,851238004014,,,,,,,,4,EA,680,,,4,,,,,,,,,,,,,,,,,,,,,,,\\Covhouprod01\MyB2BFiles\MyB2BFiles\DataFiles_V2\01026762440\Inbox\XMLASC\126063711145_01026762440_20140_{126063711145}_{2-2-8}_{850}_{6301188602}_0.xmlasc?1?1?,,,,,
126063711145,,,091714084842,09/17/2014,13:48:42,,09/17/2014,,09/22/2014,,CTN25,170,,1275,LB,,,,,,,,,,,UYSN,M,Unyson,,,250005296,,,,,,,,,,,,,,,,,,,,,,,,,,,,,,,,,,,,,,,,,,,,,,,,6301188602,,,,,,CTN25,170,,,,,,,,,,,,,,,,,,,,,,,,,,,,,00008512380041408796,,,,,,,,,,,GM,00008512380041408123,,,,,,,UP,851238004014,,,,,,,,4,EA,680,,,4,,,,,,,,,,,,,,,,,,,,,,,\\Covhouprod01\MyB2BFiles\MyB2BFiles\DataFiles_V2\01026762440\Inbox\XMLASC\126063711145_01026762440_20140_{126063711145}_{2-2-8}_{850}_{6301188602}_0.xmlasc?1?1?,,,,,
126063711145,,,091714084842,09/17/2014,13:48:42,,09/17/2014,,09/22/2014,,CTN25,170,,1275,LB,,,,,,,,,,,UYSN,M,Unyson,,,250005296,,,,,,,,,,,,,,,,,,,,,,,,,,,,,,,,,,,,,,,,,,,,,,,,6301188602,,,,,,CTN25,170,,,,,,,,,,,,,,,,,,,,,,,,,,,,,00008512380041408802,,,,,,,,,,,GM,00008512380041408123,,,,,,,UP,851238004014,,,,,,,,4,EA,680,,,4,,,,,,,,,,,,,,,,,,,,,,,\\Covhouprod01\MyB2BFiles\MyB2BFiles\DataFiles_V2\01026762440\Inbox\XMLASC\126063711145_01026762440_20140_{126063711145}_{2-2-8}_{850}_{6301188602}_0.xmlasc?1?1?,,,,,
126063711145,,,091714084842,09/17/2014,13:48:42,,09/17/2014,,09/22/2014,,CTN25,170,,1275,LB,,,,,,,,,,,UYSN,M,Unyson,,,250005296,,,,,,,,,,,,,,,,,,,,,,,,,,,,,,,,,,,,,,,,,,,,,,,,6301188602,,,,,,CTN25,170,,,,,,,,,,,,,,,,,,,,,,,,,,,,,00008512380041408819,,,,,,,,,,,GM,00008512380041408123,,,,,,,UP,851238004014,,,,,,,,4,EA,680,,,4,,,,,,,,,,,,,,,,,,,,,,,\\Covhouprod01\MyB2BFiles\MyB2BFiles\DataFiles_V2\01026762440\Inbox\XMLASC\126063711145_01026762440_20140_{126063711145}_{2-2-8}_{850}_{6301188602}_0.xmlasc?1?1?,,,,,
126063711145,,,091714084842,09/17/2014,13:48:42,,09/17/2014,,09/22/2014,,CTN25,170,,1275,LB,,,,,,,,,,,UYSN,M,Unyson,,,250005296,,,,,,,,,,,,,,,,,,,,,,,,,,,,,,,,,,,,,,,,,,,,,,,,6301188602,,,,,,CTN25,170,,,,,,,,,,,,,,,,,,,,,,,,,,,,,00008512380041408826,,,,,,,,,,,GM,00008512380041408123,,,,,,,UP,851238004014,,,,,,,,4,EA,680,,,4,,,,,,,,,,,,,,,,,,,,,,,\\Covhouprod01\MyB2BFiles\MyB2BFiles\DataFiles_V2\01026762440\Inbox\XMLASC\126063711145_01026762440_20140_{126063711145}_{2-2-8}_{850}_{6301188602}_0.xmlasc?1?1?,,,,,
126063711145,,,091714084842,09/17/2014,13:48:42,,09/17/2014,,09/22/2014,,CTN25,170,,1275,LB,,,,,,,,,,,UYSN,M,Unyson,,,250005296,,,,,,,,,,,,,,,,,,,,,,,,,,,,,,,,,,,,,,,,,,,,,,,,6301188602,,,,,,CTN25,170,,,,,,,,,,,,,,,,,,,,,,,,,,,,,00008512380041408833,,,,,,,,,,,GM,00008512380041408123,,,,,,,UP,851238004014,,,,,,,,4,EA,680,,,4,,,,,,,,,,,,,,,,,,,,,,,\\Covhouprod01\MyB2BFiles\MyB2BFiles\DataFiles_V2\01026762440\Inbox\XMLASC\126063711145_01026762440_20140_{126063711145}_{2-2-8}_{850}_{6301188602}_0.xmlasc?1?1?,,,,,
126063711145,,,091714084842,09/17/2014,13:48:42,,09/17/2014,,09/22/2014,,CTN25,170,,1275,LB,,,,,,,,,,,UYSN,M,Unyson,,,250005296,,,,,,,,,,,,,,,,,,,,,,,,,,,,,,,,,,,,,,,,,,,,,,,,6301188602,,,,,,CTN25,170,,,,,,,,,,,,,,,,,,,,,,,,,,,,,00008512380041408840,,,,,,,,,,,GM,00008512380041408123,,,,,,,UP,851238004014,,,,,,,,4,EA,680,,,4,,,,,,,,,,,,,,,,,,,,,,,\\Covhouprod01\MyB2BFiles\MyB2BFiles\DataFiles_V2\01026762440\Inbox\XMLASC\126063711145_01026762440_20140_{126063711145}_{2-2-8}_{850}_{6301188602}_0.xmlasc?1?1?,,,,,
126063711145,,,091714084842,09/17/2014,13:48:42,,09/17/2014,,09/22/2014,,CTN25,170,,1275,LB,,,,,,,,,,,UYSN,M,Unyson,,,250005296,,,,,,,,,,,,,,,,,,,,,,,,,,,,,,,,,,,,,,,,,,,,,,,,6301188602,,,,,,CTN25,170,,,,,,,,,,,,,,,,,,,,,,,,,,,,,00008512380041408857,,,,,,,,,,,GM,00008512380041408123,,,,,,,UP,851238004014,,,,,,,,4,EA,680,,,4,,,,,,,,,,,,,,,,,,,,,,,\\Covhouprod01\MyB2BFiles\MyB2BFiles\DataFiles_V2\01026762440\Inbox\XMLASC\126063711145_01026762440_20140_{126063711145}_{2-2-8}_{850}_{6301188602}_0.xmlasc?1?1?,,,,,
126063711145,,,091714084842,09/17/2014,13:48:42,,09/17/2014,,09/22/2014,,CTN25,170,,1275,LB,,,,,,,,,,,UYSN,M,Unyson,,,250005296,,,,,,,,,,,,,,,,,,,,,,,,,,,,,,,,,,,,,,,,,,,,,,,,6301188602,,,,,,CTN25,170,,,,,,,,,,,,,,,,,,,,,,,,,,,,,00008512380041408864,,,,,,,,,,,GM,00008512380041408123,,,,,,,UP,851238004014,,,,,,,,4,EA,680,,,4,,,,,,,,,,,,,,,,,,,,,,,\\Covhouprod01\MyB2BFiles\MyB2BFiles\DataFiles_V2\01026762440\Inbox\XMLASC\126063711145_01026762440_20140_{126063711145}_{2-2-8}_{850}_{6301188602}_0.xmlasc?1?1?,,,,,
126063711145,,,091714084842,09/17/2014,13:48:42,,09/17/2014,,09/22/2014,,CTN25,170,,1275,LB,,,,,,,,,,,UYSN,M,Unyson,,,250005296,,,,,,,,,,,,,,,,,,,,,,,,,,,,,,,,,,,,,,,,,,,,,,,,6301188602,,,,,,CTN25,170,,,,,,,,,,,,,,,,,,,,,,,,,,,,,00008512380041408871,,,,,,,,,,,GM,00008512380041408123,,,,,,,UP,851238004014,,,,,,,,4,EA,680,,,4,,,,,,,,,,,,,,,,,,,,,,,\\Covhouprod01\MyB2BFiles\MyB2BFiles\DataFiles_V2\01026762440\Inbox\XMLASC\126063711145_01026762440_20140_{126063711145}_{2-2-8}_{850}_{6301188602}_0.xmlasc?1?1?,,,,,
126063711145,,,091714084842,09/17/2014,13:48:42,,09/17/2014,,09/22/2014,,CTN25,170,,1275,LB,,,,,,,,,,,UYSN,M,Unyson,,,250005296,,,,,,,,,,,,,,,,,,,,,,,,,,,,,,,,,,,,,,,,,,,,,,,,6301188602,,,,,,CTN25,170,,,,,,,,,,,,,,,,,,,,,,,,,,,,,00008512380041408888,,,,,,,,,,,GM,00008512380041408123,,,,,,,UP,851238004014,,,,,,,,4,EA,680,,,4,,,,,,,,,,,,,,,,,,,,,,,\\Covhouprod01\MyB2BFiles\MyB2BFiles\DataFiles_V2\01026762440\Inbox\XMLASC\126063711145_01026762440_20140_{126063711145}_{2-2-8}_{850}_{6301188602}_0.xmlasc?1?1?,,,,,
126063711145,,,091714084842,09/17/2014,13:48:42,,09/17/2014,,09/22/2014,,CTN25,170,,1275,LB,,,,,,,,,,,UYSN,M,Unyson,,,250005296,,,,,,,,,,,,,,,,,,,,,,,,,,,,,,,,,,,,,,,,,,,,,,,,6301188602,,,,,,CTN25,170,,,,,,,,,,,,,,,,,,,,,,,,,,,,,00008512380041408895,,,,,,,,,,,GM,00008512380041408123,,,,,,,UP,851238004014,,,,,,,,4,EA,680,,,4,,,,,,,,,,,,,,,,,,,,,,,\\Covhouprod01\MyB2BFiles\MyB2BFiles\DataFiles_V2\01026762440\Inbox\XMLASC\126063711145_01026762440_20140_{126063711145}_{2-2-8}_{850}_{6301188602}_0.xmlasc?1?1?,,,,,
126063711145,,,091714084842,09/17/2014,13:48:42,,09/17/2014,,09/22/2014,,CTN25,170,,1275,LB,,,,,,,,,,,UYSN,M,Unyson,,,250005296,,,,,,,,,,,,,,,,,,,,,,,,,,,,,,,,,,,,,,,,,,,,,,,,6301188602,,,,,,CTN25,170,,,,,,,,,,,,,,,,,,,,,,,,,,,,,00008512380041408901,,,,,,,,,,,GM,00008512380041408123,,,,,,,UP,851238004014,,,,,,,,4,EA,680,,,4,,,,,,,,,,,,,,,,,,,,,,,\\Covhouprod01\MyB2BFiles\MyB2BFiles\DataFiles_V2\01026762440\Inbox\XMLASC\126063711145_01026762440_20140_{126063711145}_{2-2-8}_{850}_{6301188602}_0.xmlasc?1?1?,,,,,
126063711145,,,091714084842,09/17/2014,13:48:42,,09/17/2014,,09/22/2014,,CTN25,170,,1275,LB,,,,,,,,,,,UYSN,M,Unyson,,,250005296,,,,,,,,,,,,,,,,,,,,,,,,,,,,,,,,,,,,,,,,,,,,,,,,6301188602,,,,,,CTN25,170,,,,,,,,,,,,,,,,,,,,,,,,,,,,,00008512380041408918,,,,,,,,,,,GM,00008512380041408123,,,,,,,UP,851238004014,,,,,,,,4,EA,680,,,4,,,,,,,,,,,,,,,,,,,,,,,\\Covhouprod01\MyB2BFiles\MyB2BFiles\DataFiles_V2\01026762440\Inbox\XMLASC\126063711145_01026762440_20140_{126063711145}_{2-2-8}_{850}_{6301188602}_0.xmlasc?1?1?,,,,,
126063711145,,,091714084842,09/17/2014,13:48:42,,09/17/2014,,09/22/2014,,CTN25,170,,1275,LB,,,,,,,,,,,UYSN,M,Unyson,,,250005296,,,,,,,,,,,,,,,,,,,,,,,,,,,,,,,,,,,,,,,,,,,,,,,,6301188602,,,,,,CTN25,170,,,,,,,,,,,,,,,,,,,,,,,,,,,,,00008512380041408925,,,,,,,,,,,GM,00008512380041408123,,,,,,,UP,851238004014,,,,,,,,4,EA,680,,,4,,,,,,,,,,,,,,,,,,,,,,,\\Covhouprod01\MyB2BFiles\MyB2BFiles\DataFiles_V2\01026762440\Inbox\XMLASC\126063711145_01026762440_20140_{126063711145}_{2-2-8}_{850}_{6301188602}_0.xmlasc?1?1?,,,,,
126063711145,,,091714084842,09/17/2014,13:48:42,,09/17/2014,,09/22/2014,,CTN25,170,,1275,LB,,,,,,,,,,,UYSN,M,Unyson,,,250005296,,,,,,,,,,,,,,,,,,,,,,,,,,,,,,,,,,,,,,,,,,,,,,,,6301188602,,,,,,CTN25,170,,,,,,,,,,,,,,,,,,,,,,,,,,,,,00008512380041408932,,,,,,,,,,,GM,00008512380041408123,,,,,,,UP,851238004014,,,,,,,,4,EA,680,,,4,,,,,,,,,,,,,,,,,,,,,,,\\Covhouprod01\MyB2BFiles\MyB2BFiles\DataFiles_V2\01026762440\Inbox\XMLASC\126063711145_01026762440_20140_{126063711145}_{2-2-8}_{850}_{6301188602}_0.xmlasc?1?1?,,,,,
126063711145,,,091714084842,09/17/2014,13:48:42,,09/17/2014,,09/22/2014,,CTN25,170,,1275,LB,,,,,,,,,,,UYSN,M,Unyson,,,250005296,,,,,,,,,,,,,,,,,,,,,,,,,,,,,,,,,,,,,,,,,,,,,,,,6301188602,,,,,,CTN25,170,,,,,,,,,,,,,,,,,,,,,,,,,,,,,00008512380041408949,,,,,,,,,,,GM,00008512380041408123,,,,,,,UP,851238004014,,,,,,,,4,EA,680,,,4,,,,,,,,,,,,,,,,,,,,,,,\\Covhouprod01\MyB2BFiles\MyB2BFiles\DataFiles_V2\01026762440\Inbox\XMLASC\126063711145_01026762440_20140_{126063711145}_{2-2-8}_{850}_{6301188602}_0.xmlasc?1?1?,,,,,
126063711145,,,091714084842,09/17/2014,13:48:42,,09/17/2014,,09/22/2014,,CTN25,170,,1275,LB,,,,,,,,,,,UYSN,M,Unyson,,,250005296,,,,,,,,,,,,,,,,,,,,,,,,,,,,,,,,,,,,,,,,,,,,,,,,6301188602,,,,,,CTN25,170,,,,,,,,,,,,,,,,,,,,,,,,,,,,,00008512380041408956,,,,,,,,,,,GM,00008512380041408123,,,,,,,UP,851238004014,,,,,,,,4,EA,680,,,4,,,,,,,,,,,,,,,,,,,,,,,\\Covhouprod01\MyB2BFiles\MyB2BFiles\DataFiles_V2\01026762440\Inbox\XMLASC\126063711145_01026762440_20140_{126063711145}_{2-2-8}_{850}_{6301188602}_0.xmlasc?1?1?,,,,,
126063711145,,,091714084842,09/17/2014,13:48:42,,09/17/2014,,09/22/2014,,CTN25,170,,1275,LB,,,,,,,,,,,UYSN,M,Unyson,,,250005296,,,,,,,,,,,,,,,,,,,,,,,,,,,,,,,,,,,,,,,,,,,,,,,,6301188602,,,,,,CTN25,170,,,,,,,,,,,,,,,,,,,,,,,,,,,,,00008512380041408963,,,,,,,,,,,GM,00008512380041408123,,,,,,,UP,851238004014,,,,,,,,4,EA,680,,,4,,,,,,,,,,,,,,,,,,,,,,,\\Covhouprod01\MyB2BFiles\MyB2BFiles\DataFiles_V2\01026762440\Inbox\XMLASC\126063711145_01026762440_20140_{126063711145}_{2-2-8}_{850}_{6301188602}_0.xmlasc?1?1?,,,,,
126063711145,,,091714084842,09/17/2014,13:48:42,,09/17/2014,,09/22/2014,,CTN25,170,,1275,LB,,,,,,,,,,,UYSN,M,Unyson,,,250005296,,,,,,,,,,,,,,,,,,,,,,,,,,,,,,,,,,,,,,,,,,,,,,,,6301188602,,,,,,CTN25,170,,,,,,,,,,,,,,,,,,,,,,,,,,,,,00008512380041408970,,,,,,,,,,,GM,00008512380041408123,,,,,,,UP,851238004014,,,,,,,,4,EA,680,,,4,,,,,,,,,,,,,,,,,,,,,,,\\Covhouprod01\MyB2BFiles\MyB2BFiles\DataFiles_V2\01026762440\Inbox\XMLASC\126063711145_01026762440_20140_{126063711145}_{2-2-8}_{850}_{6301188602}_0.xmlasc?1?1?,,,,,
126063711145,,,091714084842,09/17/2014,13:48:42,,09/17/2014,,09/22/2014,,CTN25,170,,1275,LB,,,,,,,,,,,UYSN,M,Unyson,,,250005296,,,,,,,,,,,,,,,,,,,,,,,,,,,,,,,,,,,,,,,,,,,,,,,,6301188602,,,,,,CTN25,170,,,,,,,,,,,,,,,,,,,,,,,,,,,,,00008512380041408987,,,,,,,,,,,GM,00008512380041408123,,,,,,,UP,851238004014,,,,,,,,4,EA,680,,,4,,,,,,,,,,,,,,,,,,,,,,,\\Covhouprod01\MyB2BFiles\MyB2BFiles\DataFiles_V2\01026762440\Inbox\XMLASC\126063711145_01026762440_20140_{126063711145}_{2-2-8}_{850}_{6301188602}_0.xmlasc?1?1?,,,,,
126063711145,,,091714084842,09/17/2014,13:48:42,,09/17/2014,,09/22/2014,,CTN25,170,,1275,LB,,,,,,,,,,,UYSN,M,Unyson,,,250005296,,,,,,,,,,,,,,,,,,,,,,,,,,,,,,,,,,,,,,,,,,,,,,,,6301188602,,,,,,CTN25,170,,,,,,,,,,,,,,,,,,,,,,,,,,,,,00008512380041408994,,,,,,,,,,,GM,00008512380041408123,,,,,,,UP,851238004014,,,,,,,,4,EA,680,,,4,,,,,,,,,,,,,,,,,,,,,,,\\Covhouprod01\MyB2BFiles\MyB2BFiles\DataFiles_V2\01026762440\Inbox\XMLASC\126063711145_01026762440_20140_{126063711145}_{2-2-8}_{850}_{6301188602}_0.xmlasc?1?1?,,,,,
126063711145,,,091714084842,09/17/2014,13:48:42,,09/17/2014,,09/22/2014,,CTN25,170,,1275,LB,,,,,,,,,,,UYSN,M,Unyson,,,250005296,,,,,,,,,,,,,,,,,,,,,,,,,,,,,,,,,,,,,,,,,,,,,,,,6301188602,,,,,,CTN25,170,,,,,,,,,,,,,,,,,,,,,,,,,,,,,00008512380041409007,,,,,,,,,,,GM,00008512380041408123,,,,,,,UP,851238004014,,,,,,,,4,EA,680,,,4,,,,,,,,,,,,,,,,,,,,,,,\\Covhouprod01\MyB2BFiles\MyB2BFiles\DataFiles_V2\01026762440\Inbox\XMLASC\126063711145_01026762440_20140_{126063711145}_{2-2-8}_{850}_{6301188602}_0.xmlasc?1?1?,,,,,
126063711145,,,091714084842,09/17/2014,13:48:42,,09/17/2014,,09/22/2014,,CTN25,170,,1275,LB,,,,,,,,,,,UYSN,M,Unyson,,,250005296,,,,,,,,,,,,,,,,,,,,,,,,,,,,,,,,,,,,,,,,,,,,,,,,6301188602,,,,,,CTN25,170,,,,,,,,,,,,,,,,,,,,,,,,,,,,,00008512380041409014,,,,,,,,,,,GM,00008512380041408123,,,,,,,UP,851238004014,,,,,,,,4,EA,680,,,4,,,,,,,,,,,,,,,,,,,,,,,\\Covhouprod01\MyB2BFiles\MyB2BFiles\DataFiles_V2\01026762440\Inbox\XMLASC\126063711145_01026762440_20140_{126063711145}_{2-2-8}_{850}_{6301188602}_0.xmlasc?1?1?,,,,,
126063711145,,,091714084842,09/17/2014,13:48:42,,09/17/2014,,09/22/2014,,CTN25,170,,1275,LB,,,,,,,,,,,UYSN,M,Unyson,,,250005296,,,,,,,,,,,,,,,,,,,,,,,,,,,,,,,,,,,,,,,,,,,,,,,,6301188602,,,,,,CTN25,170,,,,,,,,,,,,,,,,,,,,,,,,,,,,,00008512380041409021,,,,,,,,,,,GM,00008512380041408123,,,,,,,UP,851238004014,,,,,,,,4,EA,680,,,4,,,,,,,,,,,,,,,,,,,,,,,\\Covhouprod01\MyB2BFiles\MyB2BFiles\DataFiles_V2\01026762440\Inbox\XMLASC\126063711145_01026762440_20140_{126063711145}_{2-2-8}_{850}_{6301188602}_0.xmlasc?1?1?,,,,,
126063711145,,,091714084842,09/17/2014,13:48:42,,09/17/2014,,09/22/2014,,CTN25,170,,1275,LB,,,,,,,,,,,UYSN,M,Unyson,,,250005296,,,,,,,,,,,,,,,,,,,,,,,,,,,,,,,,,,,,,,,,,,,,,,,,6301188602,,,,,,CTN25,170,,,,,,,,,,,,,,,,,,,,,,,,,,,,,00008512380041409038,,,,,,,,,,,GM,00008512380041408123,,,,,,,UP,851238004014,,,,,,,,4,EA,680,,,4,,,,,,,,,,,,,,,,,,,,,,,\\Covhouprod01\MyB2BFiles\MyB2BFiles\DataFiles_V2\01026762440\Inbox\XMLASC\126063711145_01026762440_20140_{126063711145}_{2-2-8}_{850}_{6301188602}_0.xmlasc?1?1?,,,,,
126063711145,,,091714084842,09/17/2014,13:48:42,,09/17/2014,,09/22/2014,,CTN25,170,,1275,LB,,,,,,,,,,,UYSN,M,Unyson,,,250005296,,,,,,,,,,,,,,,,,,,,,,,,,,,,,,,,,,,,,,,,,,,,,,,,6301188602,,,,,,CTN25,170,,,,,,,,,,,,,,,,,,,,,,,,,,,,,00008512380041409045,,,,,,,,,,,GM,00008512380041408123,,,,,,,UP,851238004014,,,,,,,,4,EA,680,,,4,,,,,,,,,,,,,,,,,,,,,,,\\Covhouprod01\MyB2BFiles\MyB2BFiles\DataFiles_V2\01026762440\Inbox\XMLASC\126063711145_01026762440_20140_{126063711145}_{2-2-8}_{850}_{6301188602}_0.xmlasc?1?1?,,,,,
126063711145,,,091714084842,09/17/2014,13:48:42,,09/17/2014,,09/22/2014,,CTN25,170,,1275,LB,,,,,,,,,,,UYSN,M,Unyson,,,250005296,,,,,,,,,,,,,,,,,,,,,,,,,,,,,,,,,,,,,,,,,,,,,,,,6301188602,,,,,,CTN25,170,,,,,,,,,,,,,,,,,,,,,,,,,,,,,00008512380041409052,,,,,,,,,,,GM,00008512380041408123,,,,,,,UP,851238004014,,,,,,,,4,EA,680,,,4,,,,,,,,,,,,,,,,,,,,,,,\\Covhouprod01\MyB2BFiles\MyB2BFiles\DataFiles_V2\01026762440\Inbox\XMLASC\126063711145_01026762440_20140_{126063711145}_{2-2-8}_{850}_{6301188602}_0.xmlasc?1?1?,,,,,
126063711145,,,091714084842,09/17/2014,13:48:42,,09/17/2014,,09/22/2014,,CTN25,170,,1275,LB,,,,,,,,,,,UYSN,M,Unyson,,,250005296,,,,,,,,,,,,,,,,,,,,,,,,,,,,,,,,,,,,,,,,,,,,,,,,6301188602,,,,,,CTN25,170,,,,,,,,,,,,,,,,,,,,,,,,,,,,,00008512380041409069,,,,,,,,,,,GM,00008512380041408123,,,,,,,UP,851238004014,,,,,,,,4,EA,680,,,4,,,,,,,,,,,,,,,,,,,,,,,\\Covhouprod01\MyB2BFiles\MyB2BFiles\DataFiles_V2\01026762440\Inbox\XMLASC\126063711145_01026762440_20140_{126063711145}_{2-2-8}_{850}_{6301188602}_0.xmlasc?1?1?,,,,,
126063711145,,,091714084842,09/17/2014,13:48:42,,09/17/2014,,09/22/2014,,CTN25,170,,1275,LB,,,,,,,,,,,UYSN,M,Unyson,,,250005296,,,,,,,,,,,,,,,,,,,,,,,,,,,,,,,,,,,,,,,,,,,,,,,,6301188602,,,,,,CTN25,170,,,,,,,,,,,,,,,,,,,,,,,,,,,,,00008512380041409076,,,,,,,,,,,GM,00008512380041408123,,,,,,,UP,851238004014,,,,,,,,4,EA,680,,,4,,,,,,,,,,,,,,,,,,,,,,,\\Covhouprod01\MyB2BFiles\MyB2BFiles\DataFiles_V2\01026762440\Inbox\XMLASC\126063711145_01026762440_20140_{126063711145}_{2-2-8}_{850}_{6301188602}_0.xmlasc?1?1?,,,,,
126063711145,,,091714084842,09/17/2014,13:48:42,,09/17/2014,,09/22/2014,,CTN25,170,,1275,LB,,,,,,,,,,,UYSN,M,Unyson,,,250005296,,,,,,,,,,,,,,,,,,,,,,,,,,,,,,,,,,,,,,,,,,,,,,,,6301188602,,,,,,CTN25,170,,,,,,,,,,,,,,,,,,,,,,,,,,,,,00008512380041409083,,,,,,,,,,,GM,00008512380041408123,,,,,,,UP,851238004014,,,,,,,,4,EA,680,,,4,,,,,,,,,,,,,,,,,,,,,,,\\Covhouprod01\MyB2BFiles\MyB2BFiles\DataFiles_V2\01026762440\Inbox\XMLASC\126063711145_01026762440_20140_{126063711145}_{2-2-8}_{850}_{6301188602}_0.xmlasc?1?1?,,,,,
126063711145,,,091714084842,09/17/2014,13:48:42,,09/17/2014,,09/22/2014,,CTN25,170,,1275,LB,,,,,,,,,,,UYSN,M,Unyson,,,250005296,,,,,,,,,,,,,,,,,,,,,,,,,,,,,,,,,,,,,,,,,,,,,,,,6301188602,,,,,,CTN25,170,,,,,,,,,,,,,,,,,,,,,,,,,,,,,00008512380041409090,,,,,,,,,,,GM,00008512380041408123,,,,,,,UP,851238004014,,,,,,,,4,EA,680,,,4,,,,,,,,,,,,,,,,,,,,,,,\\Covhouprod01\MyB2BFiles\MyB2BFiles\DataFiles_V2\01026762440\Inbox\XMLASC\126063711145_01026762440_20140_{126063711145}_{2-2-8}_{850}_{6301188602}_0.xmlasc?1?1?,,,,,
126063711145,,,091714084842,09/17/2014,13:48:42,,09/17/2014,,09/22/2014,,CTN25,170,,1275,LB,,,,,,,,,,,UYSN,M,Unyson,,,250005296,,,,,,,,,,,,,,,,,,,,,,,,,,,,,,,,,,,,,,,,,,,,,,,,6301188602,,,,,,CTN25,170,,,,,,,,,,,,,,,,,,,,,,,,,,,,,00008512380041409106,,,,,,,,,,,GM,00008512380041408123,,,,,,,UP,851238004014,,,,,,,,4,EA,680,,,4,,,,,,,,,,,,,,,,,,,,,,,\\Covhouprod01\MyB2BFiles\MyB2BFiles\DataFiles_V2\01026762440\Inbox\XMLASC\126063711145_01026762440_20140_{126063711145}_{2-2-8}_{850}_{6301188602}_0.xmlasc?1?1?,,,,,
126063711145,,,091714084842,09/17/2014,13:48:42,,09/17/2014,,09/22/2014,,CTN25,170,,1275,LB,,,,,,,,,,,UYSN,M,Unyson,,,250005296,,,,,,,,,,,,,,,,,,,,,,,,,,,,,,,,,,,,,,,,,,,,,,,,6301188602,,,,,,CTN25,170,,,,,,,,,,,,,,,,,,,,,,,,,,,,,00008512380041409113,,,,,,,,,,,GM,00008512380041408123,,,,,,,UP,851238004014,,,,,,,,4,EA,680,,,4,,,,,,,,,,,,,,,,,,,,,,,\\Covhouprod01\MyB2BFiles\MyB2BFiles\DataFiles_V2\01026762440\Inbox\XMLASC\126063711145_01026762440_20140_{126063711145}_{2-2-8}_{850}_{6301188602}_0.xmlasc?1?1?,,,,,
126063711145,,,091714084842,09/17/2014,13:48:42,,09/17/2014,,09/22/2014,,CTN25,170,,1275,LB,,,,,,,,,,,UYSN,M,Unyson,,,250005296,,,,,,,,,,,,,,,,,,,,,,,,,,,,,,,,,,,,,,,,,,,,,,,,6301188602,,,,,,CTN25,170,,,,,,,,,,,,,,,,,,,,,,,,,,,,,00008512380041409120,,,,,,,,,,,GM,00008512380041408123,,,,,,,UP,851238004014,,,,,,,,4,EA,680,,,4,,,,,,,,,,,,,,,,,,,,,,,\\Covhouprod01\MyB2BFiles\MyB2BFiles\DataFiles_V2\01026762440\Inbox\XMLASC\126063711145_01026762440_20140_{126063711145}_{2-2-8}_{850}_{6301188602}_0.xmlasc?1?1?,,,,,
126063711145,,,091714084842,09/17/2014,13:48:42,,09/17/2014,,09/22/2014,,CTN25,170,,1275,LB,,,,,,,,,,,UYSN,M,Unyson,,,250005296,,,,,,,,,,,,,,,,,,,,,,,,,,,,,,,,,,,,,,,,,,,,,,,,6301188602,,,,,,CTN25,170,,,,,,,,,,,,,,,,,,,,,,,,,,,,,00008512380041409137,,,,,,,,,,,GM,00008512380041408123,,,,,,,UP,851238004014,,,,,,,,4,EA,680,,,4,,,,,,,,,,,,,,,,,,,,,,,\\Covhouprod01\MyB2BFiles\MyB2BFiles\DataFiles_V2\01026762440\Inbox\XMLASC\126063711145_01026762440_20140_{126063711145}_{2-2-8}_{850}_{6301188602}_0.xmlasc?1?1?,,,,,
126063711145,,,091714084842,09/17/2014,13:48:42,,09/17/2014,,09/22/2014,,CTN25,170,,1275,LB,,,,,,,,,,,UYSN,M,Unyson,,,250005296,,,,,,,,,,,,,,,,,,,,,,,,,,,,,,,,,,,,,,,,,,,,,,,,6301188602,,,,,,CTN25,170,,,,,,,,,,,,,,,,,,,,,,,,,,,,,00008512380041409144,,,,,,,,,,,GM,00008512380041408123,,,,,,,UP,851238004014,,,,,,,,4,EA,680,,,4,,,,,,,,,,,,,,,,,,,,,,,\\Covhouprod01\MyB2BFiles\MyB2BFiles\DataFiles_V2\01026762440\Inbox\XMLASC\126063711145_01026762440_20140_{126063711145}_{2-2-8}_{850}_{6301188602}_0.xmlasc?1?1?,,,,,
126063711145,,,091714084842,09/17/2014,13:48:42,,09/17/2014,,09/22/2014,,CTN25,170,,1275,LB,,,,,,,,,,,UYSN,M,Unyson,,,250005296,,,,,,,,,,,,,,,,,,,,,,,,,,,,,,,,,,,,,,,,,,,,,,,,6301188602,,,,,,CTN25,170,,,,,,,,,,,,,,,,,,,,,,,,,,,,,00008512380041409151,,,,,,,,,,,GM,00008512380041408123,,,,,,,UP,851238004014,,,,,,,,4,EA,680,,,4,,,,,,,,,,,,,,,,,,,,,,,\\Covhouprod01\MyB2BFiles\MyB2BFiles\DataFiles_V2\01026762440\Inbox\XMLASC\126063711145_01026762440_20140_{126063711145}_{2-2-8}_{850}_{6301188602}_0.xmlasc?1?1?,,,,,
126063711145,,,091714084842,09/17/2014,13:48:42,,09/17/2014,,09/22/2014,,CTN25,170,,1275,LB,,,,,,,,,,,UYSN,M,Unyson,,,250005296,,,,,,,,,,,,,,,,,,,,,,,,,,,,,,,,,,,,,,,,,,,,,,,,6301188602,,,,,,CTN25,170,,,,,,,,,,,,,,,,,,,,,,,,,,,,,00008512380041409168,,,,,,,,,,,GM,00008512380041408123,,,,,,,UP,851238004014,,,,,,,,4,EA,680,,,4,,,,,,,,,,,,,,,,,,,,,,,\\Covhouprod01\MyB2BFiles\MyB2BFiles\DataFiles_V2\01026762440\Inbox\XMLASC\126063711145_01026762440_20140_{126063711145}_{2-2-8}_{850}_{6301188602}_0.xmlasc?1?1?,,,,,
126063711145,,,091714084842,09/17/2014,13:48:42,,09/17/2014,,09/22/2014,,CTN25,170,,1275,LB,,,,,,,,,,,UYSN,M,Unyson,,,250005296,,,,,,,,,,,,,,,,,,,,,,,,,,,,,,,,,,,,,,,,,,,,,,,,6301188602,,,,,,CTN25,170,,,,,,,,,,,,,,,,,,,,,,,,,,,,,00008512380041409175,,,,,,,,,,,GM,00008512380041408123,,,,,,,UP,851238004014,,,,,,,,4,EA,680,,,4,,,,,,,,,,,,,,,,,,,,,,,\\Covhouprod01\MyB2BFiles\MyB2BFiles\DataFiles_V2\01026762440\Inbox\XMLASC\126063711145_01026762440_20140_{126063711145}_{2-2-8}_{850}_{6301188602}_0.xmlasc?1?1?,,,,,
126063711145,,,091714084842,09/17/2014,13:48:42,,09/17/2014,,09/22/2014,,CTN25,170,,1275,LB,,,,,,,,,,,UYSN,M,Unyson,,,250005296,,,,,,,,,,,,,,,,,,,,,,,,,,,,,,,,,,,,,,,,,,,,,,,,6301188602,,,,,,CTN25,170,,,,,,,,,,,,,,,,,,,,,,,,,,,,,00008512380041409182,,,,,,,,,,,GM,00008512380041408123,,,,,,,UP,851238004014,,,,,,,,4,EA,680,,,4,,,,,,,,,,,,,,,,,,,,,,,\\Covhouprod01\MyB2BFiles\MyB2BFiles\DataFiles_V2\01026762440\Inbox\XMLASC\126063711145_01026762440_20140_{126063711145}_{2-2-8}_{850}_{6301188602}_0.xmlasc?1?1?,,,,,
126063711145,,,091714084842,09/17/2014,13:48:42,,09/17/2014,,09/22/2014,,CTN25,170,,1275,LB,,,,,,,,,,,UYSN,M,Unyson,,,250005296,,,,,,,,,,,,,,,,,,,,,,,,,,,,,,,,,,,,,,,,,,,,,,,,6301188602,,,,,,CTN25,170,,,,,,,,,,,,,,,,,,,,,,,,,,,,,00008512380041409199,,,,,,,,,,,GM,00008512380041408123,,,,,,,UP,851238004014,,,,,,,,4,EA,680,,,4,,,,,,,,,,,,,,,,,,,,,,,\\Covhouprod01\MyB2BFiles\MyB2BFiles\DataFiles_V2\01026762440\Inbox\XMLASC\126063711145_01026762440_20140_{126063711145}_{2-2-8}_{850}_{6301188602}_0.xmlasc?1?1?,,,,,
126063711145,,,091714084842,09/17/2014,13:48:42,,09/17/2014,,09/22/2014,,CTN25,170,,1275,LB,,,,,,,,,,,UYSN,M,Unyson,,,250005296,,,,,,,,,,,,,,,,,,,,,,,,,,,,,,,,,,,,,,,,,,,,,,,,6301188602,,,,,,CTN25,170,,,,,,,,,,,,,,,,,,,,,,,,,,,,,00008512380041409205,,,,,,,,,,,GM,00008512380041408123,,,,,,,UP,851238004014,,,,,,,,4,EA,680,,,4,,,,,,,,,,,,,,,,,,,,,,,\\Covhouprod01\MyB2BFiles\MyB2BFiles\DataFiles_V2\01026762440\Inbox\XMLASC\126063711145_01026762440_20140_{126063711145}_{2-2-8}_{850}_{6301188602}_0.xmlasc?1?1?,,,,,
126063711145,,,091714084842,09/17/2014,13:48:42,,09/17/2014,,09/22/2014,,CTN25,170,,1275,LB,,,,,,,,,,,UYSN,M,Unyson,,,250005296,,,,,,,,,,,,,,,,,,,,,,,,,,,,,,,,,,,,,,,,,,,,,,,,6301188602,,,,,,CTN25,170,,,,,,,,,,,,,,,,,,,,,,,,,,,,,00008512380041409212,,,,,,,,,,,GM,00008512380041408123,,,,,,,UP,851238004014,,,,,,,,4,EA,680,,,4,,,,,,,,,,,,,,,,,,,,,,,\\Covhouprod01\MyB2BFiles\MyB2BFiles\DataFiles_V2\01026762440\Inbox\XMLASC\126063711145_01026762440_20140_{126063711145}_{2-2-8}_{850}_{6301188602}_0.xmlasc?1?1?,,,,,
126063711145,,,091714084842,09/17/2014,13:48:42,,09/17/2014,,09/22/2014,,CTN25,170,,1275,LB,,,,,,,,,,,UYSN,M,Unyson,,,250005296,,,,,,,,,,,,,,,,,,,,,,,,,,,,,,,,,,,,,,,,,,,,,,,,6301188602,,,,,,CTN25,170,,,,,,,,,,,,,,,,,,,,,,,,,,,,,00008512380041409229,,,,,,,,,,,GM,00008512380041408123,,,,,,,UP,851238004014,,,,,,,,4,EA,680,,,4,,,,,,,,,,,,,,,,,,,,,,,\\Covhouprod01\MyB2BFiles\MyB2BFiles\DataFiles_V2\01026762440\Inbox\XMLASC\126063711145_01026762440_20140_{126063711145}_{2-2-8}_{850}_{6301188602}_0.xmlasc?1?1?,,,,,
126063711145,,,091714084842,09/17/2014,13:48:42,,09/17/2014,,09/22/2014,,CTN25,170,,1275,LB,,,,,,,,,,,UYSN,M,Unyson,,,250005296,,,,,,,,,,,,,,,,,,,,,,,,,,,,,,,,,,,,,,,,,,,,,,,,6301188602,,,,,,CTN25,170,,,,,,,,,,,,,,,,,,,,,,,,,,,,,00008512380041409236,,,,,,,,,,,GM,00008512380041408123,,,,,,,UP,851238004014,,,,,,,,4,EA,680,,,4,,,,,,,,,,,,,,,,,,,,,,,\\Covhouprod01\MyB2BFiles\MyB2BFiles\DataFiles_V2\01026762440\Inbox\XMLASC\126063711145_01026762440_20140_{126063711145}_{2-2-8}_{850}_{6301188602}_0.xmlasc?1?1?,,,,,
126063711145,,,091714084842,09/17/2014,13:48:42,,09/17/2014,,09/22/2014,,CTN25,170,,1275,LB,,,,,,,,,,,UYSN,M,Unyson,,,250005296,,,,,,,,,,,,,,,,,,,,,,,,,,,,,,,,,,,,,,,,,,,,,,,,6301188602,,,,,,CTN25,170,,,,,,,,,,,,,,,,,,,,,,,,,,,,,00008512380041409243,,,,,,,,,,,GM,00008512380041408123,,,,,,,UP,851238004014,,,,,,,,4,EA,680,,,4,,,,,,,,,,,,,,,,,,,,,,,\\Covhouprod01\MyB2BFiles\MyB2BFiles\DataFiles_V2\01026762440\Inbox\XMLASC\126063711145_01026762440_20140_{126063711145}_{2-2-8}_{850}_{6301188602}_0.xmlasc?1?1?,,,,,
126063711145,,,091714084842,09/17/2014,13:48:42,,09/17/2014,,09/22/2014,,CTN25,170,,1275,LB,,,,,,,,,,,UYSN,M,Unyson,,,250005296,,,,,,,,,,,,,,,,,,,,,,,,,,,,,,,,,,,,,,,,,,,,,,,,6301188602,,,,,,CTN25,170,,,,,,,,,,,,,,,,,,,,,,,,,,,,,00008512380041409250,,,,,,,,,,,GM,00008512380041408123,,,,,,,UP,851238004014,,,,,,,,4,EA,680,,,4,,,,,,,,,,,,,,,,,,,,,,,\\Covhouprod01\MyB2BFiles\MyB2BFiles\DataFiles_V2\01026762440\Inbox\XMLASC\126063711145_01026762440_20140_{126063711145}_{2-2-8}_{850}_{6301188602}_0.xmlasc?1?1?,,,,,
126063711145,,,091714084842,09/17/2014,13:48:42,,09/17/2014,,09/22/2014,,CTN25,170,,1275,LB,,,,,,,,,,,UYSN,M,Unyson,,,250005296,,,,,,,,,,,,,,,,,,,,,,,,,,,,,,,,,,,,,,,,,,,,,,,,6301188602,,,,,,CTN25,170,,,,,,,,,,,,,,,,,,,,,,,,,,,,,00008512380041409267,,,,,,,,,,,GM,00008512380041408123,,,,,,,UP,851238004014,,,,,,,,4,EA,680,,,4,,,,,,,,,,,,,,,,,,,,,,,\\Covhouprod01\MyB2BFiles\MyB2BFiles\DataFiles_V2\01026762440\Inbox\XMLASC\126063711145_01026762440_20140_{126063711145}_{2-2-8}_{850}_{6301188602}_0.xmlasc?1?1?,,,,,
126063711145,,,091714084842,09/17/2014,13:48:42,,09/17/2014,,09/22/2014,,CTN25,170,,1275,LB,,,,,,,,,,,UYSN,M,Unyson,,,250005296,,,,,,,,,,,,,,,,,,,,,,,,,,,,,,,,,,,,,,,,,,,,,,,,6301188602,,,,,,CTN25,170,,,,,,,,,,,,,,,,,,,,,,,,,,,,,00008512380041409274,,,,,,,,,,,GM,00008512380041408123,,,,,,,UP,851238004014,,,,,,,,4,EA,680,,,4,,,,,,,,,,,,,,,,,,,,,,,\\Covhouprod01\MyB2BFiles\MyB2BFiles\DataFiles_V2\01026762440\Inbox\XMLASC\126063711145_01026762440_20140_{126063711145}_{2-2-8}_{850}_{6301188602}_0.xmlasc?1?1?,,,,,
126063711145,,,091714084842,09/17/2014,13:48:42,,09/17/2014,,09/22/2014,,CTN25,170,,1275,LB,,,,,,,,,,,UYSN,M,Unyson,,,250005296,,,,,,,,,,,,,,,,,,,,,,,,,,,,,,,,,,,,,,,,,,,,,,,,6301188602,,,,,,CTN25,170,,,,,,,,,,,,,,,,,,,,,,,,,,,,,00008512380041409281,,,,,,,,,,,GM,00008512380041408123,,,,,,,UP,851238004014,,,,,,,,4,EA,680,,,4,,,,,,,,,,,,,,,,,,,,,,,\\Covhouprod01\MyB2BFiles\MyB2BFiles\DataFiles_V2\01026762440\Inbox\XMLASC\126063711145_01026762440_20140_{126063711145}_{2-2-8}_{850}_{6301188602}_0.xmlasc?1?1?,,,,,
126063711145,,,091714084842,09/17/2014,13:48:42,,09/17/2014,,09/22/2014,,CTN25,170,,1275,LB,,,,,,,,,,,UYSN,M,Unyson,,,250005296,,,,,,,,,,,,,,,,,,,,,,,,,,,,,,,,,,,,,,,,,,,,,,,,6301188602,,,,,,CTN25,170,,,,,,,,,,,,,,,,,,,,,,,,,,,,,00008512380041409298,,,,,,,,,,,GM,00008512380041408123,,,,,,,UP,851238004014,,,,,,,,4,EA,680,,,4,,,,,,,,,,,,,,,,,,,,,,,\\Covhouprod01\MyB2BFiles\MyB2BFiles\DataFiles_V2\01026762440\Inbox\XMLASC\126063711145_01026762440_20140_{126063711145}_{2-2-8}_{850}_{6301188602}_0.xmlasc?1?1?,,,,,
126063711145,,,091714084842,09/17/2014,13:48:42,,09/17/2014,,09/22/2014,,CTN25,170,,1275,LB,,,,,,,,,,,UYSN,M,Unyson,,,250005296,,,,,,,,,,,,,,,,,,,,,,,,,,,,,,,,,,,,,,,,,,,,,,,,6301188602,,,,,,CTN25,170,,,,,,,,,,,,,,,,,,,,,,,,,,,,,00008512380041409304,,,,,,,,,,,GM,00008512380041408123,,,,,,,UP,851238004014,,,,,,,,4,EA,680,,,4,,,,,,,,,,,,,,,,,,,,,,,\\Covhouprod01\MyB2BFiles\MyB2BFiles\DataFiles_V2\01026762440\Inbox\XMLASC\126063711145_01026762440_20140_{126063711145}_{2-2-8}_{850}_{6301188602}_0.xmlasc?1?1?,,,,,
126063711145,,,091714084842,09/17/2014,13:48:42,,09/17/2014,,09/22/2014,,CTN25,170,,1275,LB,,,,,,,,,,,UYSN,M,Unyson,,,250005296,,,,,,,,,,,,,,,,,,,,,,,,,,,,,,,,,,,,,,,,,,,,,,,,6301188602,,,,,,CTN25,170,,,,,,,,,,,,,,,,,,,,,,,,,,,,,00008512380041409311,,,,,,,,,,,GM,00008512380041408123,,,,,,,UP,851238004014,,,,,,,,4,EA,680,,,4,,,,,,,,,,,,,,,,,,,,,,,\\Covhouprod01\MyB2BFiles\MyB2BFiles\DataFiles_V2\01026762440\Inbox\XMLASC\126063711145_01026762440_20140_{126063711145}_{2-2-8}_{850}_{6301188602}_0.xmlasc?1?1?,,,,,
126063711145,,,091714084842,09/17/2014,13:48:42,,09/17/2014,,09/22/2014,,CTN25,170,,1275,LB,,,,,,,,,,,UYSN,M,Unyson,,,250005296,,,,,,,,,,,,,,,,,,,,,,,,,,,,,,,,,,,,,,,,,,,,,,,,6301188602,,,,,,CTN25,170,,,,,,,,,,,,,,,,,,,,,,,,,,,,,00008512380041409328,,,,,,,,,,,GM,00008512380041408123,,,,,,,UP,851238004014,,,,,,,,4,EA,680,,,4,,,,,,,,,,,,,,,,,,,,,,,\\Covhouprod01\MyB2BFiles\MyB2BFiles\DataFiles_V2\01026762440\Inbox\XMLASC\126063711145_01026762440_20140_{126063711145}_{2-2-8}_{850}_{6301188602}_0.xmlasc?1?1?,,,,,
126063711145,,,091714084842,09/17/2014,13:48:42,,09/17/2014,,09/22/2014,,CTN25,170,,1275,LB,,,,,,,,,,,UYSN,M,Unyson,,,250005296,,,,,,,,,,,,,,,,,,,,,,,,,,,,,,,,,,,,,,,,,,,,,,,,6301188602,,,,,,CTN25,170,,,,,,,,,,,,,,,,,,,,,,,,,,,,,00008512380041409335,,,,,,,,,,,GM,00008512380041408123,,,,,,,UP,851238004014,,,,,,,,4,EA,680,,,4,,,,,,,,,,,,,,,,,,,,,,,\\Covhouprod01\MyB2BFiles\MyB2BFiles\DataFiles_V2\01026762440\Inbox\XMLASC\126063711145_01026762440_20140_{126063711145}_{2-2-8}_{850}_{6301188602}_0.xmlasc?1?1?,,,,,
126063711145,,,091714084842,09/17/2014,13:48:42,,09/17/2014,,09/22/2014,,CTN25,170,,1275,LB,,,,,,,,,,,UYSN,M,Unyson,,,250005296,,,,,,,,,,,,,,,,,,,,,,,,,,,,,,,,,,,,,,,,,,,,,,,,6301188602,,,,,,CTN25,170,,,,,,,,,,,,,,,,,,,,,,,,,,,,,00008512380041409342,,,,,,,,,,,GM,00008512380041408123,,,,,,,UP,851238004014,,,,,,,,4,EA,680,,,4,,,,,,,,,,,,,,,,,,,,,,,\\Covhouprod01\MyB2BFiles\MyB2BFiles\DataFiles_V2\01026762440\Inbox\XMLASC\126063711145_01026762440_20140_{126063711145}_{2-2-8}_{850}_{6301188602}_0.xmlasc?1?1?,,,,,
126063711145,,,091714084842,09/17/2014,13:48:42,,09/17/2014,,09/22/2014,,CTN25,170,,1275,LB,,,,,,,,,,,UYSN,M,Unyson,,,250005296,,,,,,,,,,,,,,,,,,,,,,,,,,,,,,,,,,,,,,,,,,,,,,,,6301188602,,,,,,CTN25,170,,,,,,,,,,,,,,,,,,,,,,,,,,,,,00008512380041409359,,,,,,,,,,,GM,00008512380041408123,,,,,,,UP,851238004014,,,,,,,,4,EA,680,,,4,,,,,,,,,,,,,,,,,,,,,,,\\Covhouprod01\MyB2BFiles\MyB2BFiles\DataFiles_V2\01026762440\Inbox\XMLASC\126063711145_01026762440_20140_{126063711145}_{2-2-8}_{850}_{6301188602}_0.xmlasc?1?1?,,,,,
126063711145,,,091714084842,09/17/2014,13:48:42,,09/17/2014,,09/22/2014,,CTN25,170,,1275,LB,,,,,,,,,,,UYSN,M,Unyson,,,250005296,,,,,,,,,,,,,,,,,,,,,,,,,,,,,,,,,,,,,,,,,,,,,,,,6301188602,,,,,,CTN25,170,,,,,,,,,,,,,,,,,,,,,,,,,,,,,00008512380041409366,,,,,,,,,,,GM,00008512380041408123,,,,,,,UP,851238004014,,,,,,,,4,EA,680,,,4,,,,,,,,,,,,,,,,,,,,,,,\\Covhouprod01\MyB2BFiles\MyB2BFiles\DataFiles_V2\01026762440\Inbox\XMLASC\126063711145_01026762440_20140_{126063711145}_{2-2-8}_{850}_{6301188602}_0.xmlasc?1?1?,,,,,
126063711145,,,091714084842,09/17/2014,13:48:42,,09/17/2014,,09/22/2014,,CTN25,170,,1275,LB,,,,,,,,,,,UYSN,M,Unyson,,,250005296,,,,,,,,,,,,,,,,,,,,,,,,,,,,,,,,,,,,,,,,,,,,,,,,6301188602,,,,,,CTN25,170,,,,,,,,,,,,,,,,,,,,,,,,,,,,,00008512380041409373,,,,,,,,,,,GM,00008512380041408123,,,,,,,UP,851238004014,,,,,,,,4,EA,680,,,4,,,,,,,,,,,,,,,,,,,,,,,\\Covhouprod01\MyB2BFiles\MyB2BFiles\DataFiles_V2\01026762440\Inbox\XMLASC\126063711145_01026762440_20140_{126063711145}_{2-2-8}_{850}_{6301188602}_0.xmlasc?1?1?,,,,,
126063711145,,,091714084842,09/17/2014,13:48:42,,09/17/2014,,09/22/2014,,CTN25,170,,1275,LB,,,,,,,,,,,UYSN,M,Unyson,,,250005296,,,,,,,,,,,,,,,,,,,,,,,,,,,,,,,,,,,,,,,,,,,,,,,,6301188602,,,,,,CTN25,170,,,,,,,,,,,,,,,,,,,,,,,,,,,,,00008512380041409380,,,,,,,,,,,GM,00008512380041408123,,,,,,,UP,851238004014,,,,,,,,4,EA,680,,,4,,,,,,,,,,,,,,,,,,,,,,,\\Covhouprod01\MyB2BFiles\MyB2BFiles\DataFiles_V2\01026762440\Inbox\XMLASC\126063711145_01026762440_20140_{126063711145}_{2-2-8}_{850}_{6301188602}_0.xmlasc?1?1?,,,,,
126063711145,,,091714084842,09/17/2014,13:48:42,,09/17/2014,,09/22/2014,,CTN25,170,,1275,LB,,,,,,,,,,,UYSN,M,Unyson,,,250005296,,,,,,,,,,,,,,,,,,,,,,,,,,,,,,,,,,,,,,,,,,,,,,,,6301188602,,,,,,CTN25,170,,,,,,,,,,,,,,,,,,,,,,,,,,,,,00008512380041409397,,,,,,,,,,,GM,00008512380041408123,,,,,,,UP,851238004014,,,,,,,,4,EA,680,,,4,,,,,,,,,,,,,,,,,,,,,,,\\Covhouprod01\MyB2BFiles\MyB2BFiles\DataFiles_V2\01026762440\Inbox\XMLASC\126063711145_01026762440_20140_{126063711145}_{2-2-8}_{850}_{6301188602}_0.xmlasc?1?1?,,,,,
126063711145,,,091714084842,09/17/2014,13:48:42,,09/17/2014,,09/22/2014,,CTN25,170,,1275,LB,,,,,,,,,,,UYSN,M,Unyson,,,250005296,,,,,,,,,,,,,,,,,,,,,,,,,,,,,,,,,,,,,,,,,,,,,,,,6301188602,,,,,,CTN25,170,,,,,,,,,,,,,,,,,,,,,,,,,,,,,00008512380041409403,,,,,,,,,,,GM,00008512380041408123,,,,,,,UP,851238004014,,,,,,,,4,EA,680,,,4,,,,,,,,,,,,,,,,,,,,,,,\\Covhouprod01\MyB2BFiles\MyB2BFiles\DataFiles_V2\01026762440\Inbox\XMLASC\126063711145_01026762440_20140_{126063711145}_{2-2-8}_{850}_{6301188602}_0.xmlasc?1?1?,,,,,
126063711145,,,091714084842,09/17/2014,13:48:42,,09/17/2014,,09/22/2014,,CTN25,170,,1275,LB,,,,,,,,,,,UYSN,M,Unyson,,,250005296,,,,,,,,,,,,,,,,,,,,,,,,,,,,,,,,,,,,,,,,,,,,,,,,6301188602,,,,,,CTN25,170,,,,,,,,,,,,,,,,,,,,,,,,,,,,,00008512380041409410,,,,,,,,,,,GM,00008512380041408123,,,,,,,UP,851238004014,,,,,,,,4,EA,680,,,4,,,,,,,,,,,,,,,,,,,,,,,\\Covhouprod01\MyB2BFiles\MyB2BFiles\DataFiles_V2\01026762440\Inbox\XMLASC\126063711145_01026762440_20140_{126063711145}_{2-2-8}_{850}_{6301188602}_0.xmlasc?1?1?,,,,,
126063711145,,,091714084842,09/17/2014,13:48:42,,09/17/2014,,09/22/2014,,CTN25,170,,1275,LB,,,,,,,,,,,UYSN,M,Unyson,,,250005296,,,,,,,,,,,,,,,,,,,,,,,,,,,,,,,,,,,,,,,,,,,,,,,,6301188602,,,,,,CTN25,170,,,,,,,,,,,,,,,,,,,,,,,,,,,,,00008512380041409427,,,,,,,,,,,GM,00008512380041408123,,,,,,,UP,851238004014,,,,,,,,4,EA,680,,,4,,,,,,,,,,,,,,,,,,,,,,,\\Covhouprod01\MyB2BFiles\MyB2BFiles\DataFiles_V2\01026762440\Inbox\XMLASC\126063711145_01026762440_20140_{126063711145}_{2-2-8}_{850}_{6301188602}_0.xmlasc?1?1?,,,,,
126063711145,,,091714084842,09/17/2014,13:48:42,,09/17/2014,,09/22/2014,,CTN25,170,,1275,LB,,,,,,,,,,,UYSN,M,Unyson,,,250005296,,,,,,,,,,,,,,,,,,,,,,,,,,,,,,,,,,,,,,,,,,,,,,,,6301188602,,,,,,CTN25,170,,,,,,,,,,,,,,,,,,,,,,,,,,,,,00008512380041409434,,,,,,,,,,,GM,00008512380041408123,,,,,,,UP,851238004014,,,,,,,,4,EA,680,,,4,,,,,,,,,,,,,,,,,,,,,,,\\Covhouprod01\MyB2BFiles\MyB2BFiles\DataFiles_V2\01026762440\Inbox\XMLASC\126063711145_01026762440_20140_{126063711145}_{2-2-8}_{850}_{6301188602}_0.xmlasc?1?1?,,,,,
126063711145,,,091714084842,09/17/2014,13:48:42,,09/17/2014,,09/22/2014,,CTN25,170,,1275,LB,,,,,,,,,,,UYSN,M,Unyson,,,250005296,,,,,,,,,,,,,,,,,,,,,,,,,,,,,,,,,,,,,,,,,,,,,,,,6301188602,,,,,,CTN25,170,,,,,,,,,,,,,,,,,,,,,,,,,,,,,00008512380041409441,,,,,,,,,,,GM,00008512380041408123,,,,,,,UP,851238004014,,,,,,,,4,EA,680,,,4,,,,,,,,,,,,,,,,,,,,,,,\\Covhouprod01\MyB2BFiles\MyB2BFiles\DataFiles_V2\01026762440\Inbox\XMLASC\126063711145_01026762440_20140_{126063711145}_{2-2-8}_{850}_{6301188602}_0.xmlasc?1?1?,,,,,
126063711145,,,091714084842,09/17/2014,13:48:42,,09/17/2014,,09/22/2014,,CTN25,170,,1275,LB,,,,,,,,,,,UYSN,M,Unyson,,,250005296,,,,,,,,,,,,,,,,,,,,,,,,,,,,,,,,,,,,,,,,,,,,,,,,6301188602,,,,,,CTN25,170,,,,,,,,,,,,,,,,,,,,,,,,,,,,,00008512380041409458,,,,,,,,,,,GM,00008512380041408123,,,,,,,UP,851238004014,,,,,,,,4,EA,680,,,4,,,,,,,,,,,,,,,,,,,,,,,\\Covhouprod01\MyB2BFiles\MyB2BFiles\DataFiles_V2\01026762440\Inbox\XMLASC\126063711145_01026762440_20140_{126063711145}_{2-2-8}_{850}_{6301188602}_0.xmlasc?1?1?,,,,,
126063711145,,,091714084842,09/17/2014,13:48:42,,09/17/2014,,09/22/2014,,CTN25,170,,1275,LB,,,,,,,,,,,UYSN,M,Unyson,,,250005296,,,,,,,,,,,,,,,,,,,,,,,,,,,,,,,,,,,,,,,,,,,,,,,,6301188602,,,,,,CTN25,170,,,,,,,,,,,,,,,,,,,,,,,,,,,,,00008512380041409465,,,,,,,,,,,GM,00008512380041408123,,,,,,,UP,851238004014,,,,,,,,4,EA,680,,,4,,,,,,,,,,,,,,,,,,,,,,,\\Covhouprod01\MyB2BFiles\MyB2BFiles\DataFiles_V2\01026762440\Inbox\XMLASC\126063711145_01026762440_20140_{126063711145}_{2-2-8}_{850}_{6301188602}_0.xmlasc?1?1?,,,,,
126063711145,,,091714084842,09/17/2014,13:48:42,,09/17/2014,,09/22/2014,,CTN25,170,,1275,LB,,,,,,,,,,,UYSN,M,Unyson,,,250005296,,,,,,,,,,,,,,,,,,,,,,,,,,,,,,,,,,,,,,,,,,,,,,,,6301188602,,,,,,CTN25,170,,,,,,,,,,,,,,,,,,,,,,,,,,,,,00008512380041409472,,,,,,,,,,,GM,00008512380041408123,,,,,,,UP,851238004014,,,,,,,,4,EA,680,,,4,,,,,,,,,,,,,,,,,,,,,,,\\Covhouprod01\MyB2BFiles\MyB2BFiles\DataFiles_V2\01026762440\Inbox\XMLASC\126063711145_01026762440_20140_{126063711145}_{2-2-8}_{850}_{6301188602}_0.xmlasc?1?1?,,,,,
126063711145,,,091714084842,09/17/2014,13:48:42,,09/17/2014,,09/22/2014,,CTN25,170,,1275,LB,,,,,,,,,,,UYSN,M,Unyson,,,250005296,,,,,,,,,,,,,,,,,,,,,,,,,,,,,,,,,,,,,,,,,,,,,,,,6301188602,,,,,,CTN25,170,,,,,,,,,,,,,,,,,,,,,,,,,,,,,00008512380041409489,,,,,,,,,,,GM,00008512380041408123,,,,,,,UP,851238004014,,,,,,,,4,EA,680,,,4,,,,,,,,,,,,,,,,,,,,,,,\\Covhouprod01\MyB2BFiles\MyB2BFiles\DataFiles_V2\01026762440\Inbox\XMLASC\126063711145_01026762440_20140_{126063711145}_{2-2-8}_{850}_{6301188602}_0.xmlasc?1?1?,,,,,
126063711145,,,091714084842,09/17/2014,13:48:42,,09/17/2014,,09/22/2014,,CTN25,170,,1275,LB,,,,,,,,,,,UYSN,M,Unyson,,,250005296,,,,,,,,,,,,,,,,,,,,,,,,,,,,,,,,,,,,,,,,,,,,,,,,6301188602,,,,,,CTN25,170,,,,,,,,,,,,,,,,,,,,,,,,,,,,,00008512380041409496,,,,,,,,,,,GM,00008512380041408123,,,,,,,UP,851238004014,,,,,,,,4,EA,680,,,4,,,,,,,,,,,,,,,,,,,,,,,\\Covhouprod01\MyB2BFiles\MyB2BFiles\DataFiles_V2\01026762440\Inbox\XMLASC\126063711145_01026762440_20140_{126063711145}_{2-2-8}_{850}_{6301188602}_0.xmlasc?1?1?,,,,,
126063711145,,,091714084842,09/17/2014,13:48:42,,09/17/2014,,09/22/2014,,CTN25,170,,1275,LB,,,,,,,,,,,UYSN,M,Unyson,,,250005296,,,,,,,,,,,,,,,,,,,,,,,,,,,,,,,,,,,,,,,,,,,,,,,,6301188602,,,,,,CTN25,170,,,,,,,,,,,,,,,,,,,,,,,,,,,,,00008512380041409502,,,,,,,,,,,GM,00008512380041408123,,,,,,,UP,851238004014,,,,,,,,4,EA,680,,,4,,,,,,,,,,,,,,,,,,,,,,,\\Covhouprod01\MyB2BFiles\MyB2BFiles\DataFiles_V2\01026762440\Inbox\XMLASC\126063711145_01026762440_20140_{126063711145}_{2-2-8}_{850}_{6301188602}_0.xmlasc?1?1?,,,,,
126063711145,,,091714084842,09/17/2014,13:48:42,,09/17/2014,,09/22/2014,,CTN25,170,,1275,LB,,,,,,,,,,,UYSN,M,Unyson,,,250005296,,,,,,,,,,,,,,,,,,,,,,,,,,,,,,,,,,,,,,,,,,,,,,,,6301188602,,,,,,CTN25,170,,,,,,,,,,,,,,,,,,,,,,,,,,,,,00008512380041409519,,,,,,,,,,,GM,00008512380041408123,,,,,,,UP,851238004014,,,,,,,,4,EA,680,,,4,,,,,,,,,,,,,,,,,,,,,,,\\Covhouprod01\MyB2BFiles\MyB2BFiles\DataFiles_V2\01026762440\Inbox\XMLASC\126063711145_01026762440_20140_{126063711145}_{2-2-8}_{850}_{6301188602}_0.xmlasc?1?1?,,,,,
126063711145,,,091714084842,09/17/2014,13:48:42,,09/17/2014,,09/22/2014,,CTN25,170,,1275,LB,,,,,,,,,,,UYSN,M,Unyson,,,250005296,,,,,,,,,,,,,,,,,,,,,,,,,,,,,,,,,,,,,,,,,,,,,,,,6301188602,,,,,,CTN25,170,,,,,,,,,,,,,,,,,,,,,,,,,,,,,00008512380041409526,,,,,,,,,,,GM,00008512380041408123,,,,,,,UP,851238004014,,,,,,,,4,EA,680,,,4,,,,,,,,,,,,,,,,,,,,,,,\\Covhouprod01\MyB2BFiles\MyB2BFiles\DataFiles_V2\01026762440\Inbox\XMLASC\126063711145_01026762440_20140_{126063711145}_{2-2-8}_{850}_{6301188602}_0.xmlasc?1?1?,,,,,
126063711145,,,091714084842,09/17/2014,13:48:42,,09/17/2014,,09/22/2014,,CTN25,170,,1275,LB,,,,,,,,,,,UYSN,M,Unyson,,,250005296,,,,,,,,,,,,,,,,,,,,,,,,,,,,,,,,,,,,,,,,,,,,,,,,6301188602,,,,,,CTN25,170,,,,,,,,,,,,,,,,,,,,,,,,,,,,,00008512380041409533,,,,,,,,,,,GM,00008512380041408123,,,,,,,UP,851238004014,,,,,,,,4,EA,680,,,4,,,,,,,,,,,,,,,,,,,,,,,\\Covhouprod01\MyB2BFiles\MyB2BFiles\DataFiles_V2\01026762440\Inbox\XMLASC\126063711145_01026762440_20140_{126063711145}_{2-2-8}_{850}_{6301188602}_0.xmlasc?1?1?,,,,,
126063711145,,,091714084842,09/17/2014,13:48:42,,09/17/2014,,09/22/2014,,CTN25,170,,1275,LB,,,,,,,,,,,UYSN,M,Unyson,,,250005296,,,,,,,,,,,,,,,,,,,,,,,,,,,,,,,,,,,,,,,,,,,,,,,,6301188602,,,,,,CTN25,170,,,,,,,,,,,,,,,,,,,,,,,,,,,,,00008512380041409540,,,,,,,,,,,GM,00008512380041408123,,,,,,,UP,851238004014,,,,,,,,4,EA,680,,,4,,,,,,,,,,,,,,,,,,,,,,,\\Covhouprod01\MyB2BFiles\MyB2BFiles\DataFiles_V2\01026762440\Inbox\XMLASC\126063711145_01026762440_20140_{126063711145}_{2-2-8}_{850}_{6301188602}_0.xmlasc?1?1?,,,,,
126063711145,,,091714084842,09/17/2014,13:48:42,,09/17/2014,,09/22/2014,,CTN25,170,,1275,LB,,,,,,,,,,,UYSN,M,Unyson,,,250005296,,,,,,,,,,,,,,,,,,,,,,,,,,,,,,,,,,,,,,,,,,,,,,,,6301188602,,,,,,CTN25,170,,,,,,,,,,,,,,,,,,,,,,,,,,,,,00008512380041409557,,,,,,,,,,,GM,00008512380041408123,,,,,,,UP,851238004014,,,,,,,,4,EA,680,,,4,,,,,,,,,,,,,,,,,,,,,,,\\Covhouprod01\MyB2BFiles\MyB2BFiles\DataFiles_V2\01026762440\Inbox\XMLASC\126063711145_01026762440_20140_{126063711145}_{2-2-8}_{850}_{6301188602}_0.xmlasc?1?1?,,,,,
126063711145,,,091714084842,09/17/2014,13:48:42,,09/17/2014,,09/22/2014,,CTN25,170,,1275,LB,,,,,,,,,,,UYSN,M,Unyson,,,250005296,,,,,,,,,,,,,,,,,,,,,,,,,,,,,,,,,,,,,,,,,,,,,,,,6301188602,,,,,,CTN25,170,,,,,,,,,,,,,,,,,,,,,,,,,,,,,00008512380041409564,,,,,,,,,,,GM,00008512380041408123,,,,,,,UP,851238004014,,,,,,,,4,EA,680,,,4,,,,,,,,,,,,,,,,,,,,,,,\\Covhouprod01\MyB2BFiles\MyB2BFiles\DataFiles_V2\01026762440\Inbox\XMLASC\126063711145_01026762440_20140_{126063711145}_{2-2-8}_{850}_{6301188602}_0.xmlasc?1?1?,,,,,
126063711145,,,091714084842,09/17/2014,13:48:42,,09/17/2014,,09/22/2014,,CTN25,170,,1275,LB,,,,,,,,,,,UYSN,M,Unyson,,,250005296,,,,,,,,,,,,,,,,,,,,,,,,,,,,,,,,,,,,,,,,,,,,,,,,6301188602,,,,,,CTN25,170,,,,,,,,,,,,,,,,,,,,,,,,,,,,,00008512380041409571,,,,,,,,,,,GM,00008512380041408123,,,,,,,UP,851238004014,,,,,,,,4,EA,680,,,4,,,,,,,,,,,,,,,,,,,,,,,\\Covhouprod01\MyB2BFiles\MyB2BFiles\DataFiles_V2\01026762440\Inbox\XMLASC\126063711145_01026762440_20140_{126063711145}_{2-2-8}_{850}_{6301188602}_0.xmlasc?1?1?,,,,,
126063711145,,,091714084842,09/17/2014,13:48:42,,09/17/2014,,09/22/2014,,CTN25,170,,1275,LB,,,,,,,,,,,UYSN,M,Unyson,,,250005296,,,,,,,,,,,,,,,,,,,,,,,,,,,,,,,,,,,,,,,,,,,,,,,,6301188602,,,,,,CTN25,170,,,,,,,,,,,,,,,,,,,,,,,,,,,,,00008512380041409588,,,,,,,,,,,GM,00008512380041408123,,,,,,,UP,851238004014,,,,,,,,4,EA,680,,,4,,,,,,,,,,,,,,,,,,,,,,,\\Covhouprod01\MyB2BFiles\MyB2BFiles\DataFiles_V2\01026762440\Inbox\XMLASC\126063711145_01026762440_20140_{126063711145}_{2-2-8}_{850}_{6301188602}_0.xmlasc?1?1?,,,,,
126063711145,,,091714084842,09/17/2014,13:48:42,,09/17/2014,,09/22/2014,,CTN25,170,,1275,LB,,,,,,,,,,,UYSN,M,Unyson,,,250005296,,,,,,,,,,,,,,,,,,,,,,,,,,,,,,,,,,,,,,,,,,,,,,,,6301188602,,,,,,CTN25,170,,,,,,,,,,,,,,,,,,,,,,,,,,,,,00008512380041409595,,,,,,,,,,,GM,00008512380041408123,,,,,,,UP,851238004014,,,,,,,,4,EA,680,,,4,,,,,,,,,,,,,,,,,,,,,,,\\Covhouprod01\MyB2BFiles\MyB2BFiles\DataFiles_V2\01026762440\Inbox\XMLASC\126063711145_01026762440_20140_{126063711145}_{2-2-8}_{850}_{6301188602}_0.xmlasc?1?1?,,,,,
126063711145,,,091714084842,09/17/2014,13:48:42,,09/17/2014,,09/22/2014,,CTN25,170,,1275,LB,,,,,,,,,,,UYSN,M,Unyson,,,250005296,,,,,,,,,,,,,,,,,,,,,,,,,,,,,,,,,,,,,,,,,,,,,,,,6301188602,,,,,,CTN25,170,,,,,,,,,,,,,,,,,,,,,,,,,,,,,00008512380041409601,,,,,,,,,,,GM,00008512380041408123,,,,,,,UP,851238004014,,,,,,,,4,EA,680,,,4,,,,,,,,,,,,,,,,,,,,,,,\\Covhouprod01\MyB2BFiles\MyB2BFiles\DataFiles_V2\01026762440\Inbox\XMLASC\126063711145_01026762440_20140_{126063711145}_{2-2-8}_{850}_{6301188602}_0.xmlasc?1?1?,,,,,
126063711145,,,091714084842,09/17/2014,13:48:42,,09/17/2014,,09/22/2014,,CTN25,170,,1275,LB,,,,,,,,,,,UYSN,M,Unyson,,,250005296,,,,,,,,,,,,,,,,,,,,,,,,,,,,,,,,,,,,,,,,,,,,,,,,6301188602,,,,,,CTN25,170,,,,,,,,,,,,,,,,,,,,,,,,,,,,,00008512380041409618,,,,,,,,,,,GM,00008512380041408123,,,,,,,UP,851238004014,,,,,,,,4,EA,680,,,4,,,,,,,,,,,,,,,,,,,,,,,\\Covhouprod01\MyB2BFiles\MyB2BFiles\DataFiles_V2\01026762440\Inbox\XMLASC\126063711145_01026762440_20140_{126063711145}_{2-2-8}_{850}_{6301188602}_0.xmlasc?1?1?,,,,,
126063711145,,,091714084842,09/17/2014,13:48:42,,09/17/2014,,09/22/2014,,CTN25,170,,1275,LB,,,,,,,,,,,UYSN,M,Unyson,,,250005296,,,,,,,,,,,,,,,,,,,,,,,,,,,,,,,,,,,,,,,,,,,,,,,,6301188602,,,,,,CTN25,170,,,,,,,,,,,,,,,,,,,,,,,,,,,,,00008512380041409625,,,,,,,,,,,GM,00008512380041408123,,,,,,,UP,851238004014,,,,,,,,4,EA,680,,,4,,,,,,,,,,,,,,,,,,,,,,,\\Covhouprod01\MyB2BFiles\MyB2BFiles\DataFiles_V2\01026762440\Inbox\XMLASC\126063711145_01026762440_20140_{126063711145}_{2-2-8}_{850}_{6301188602}_0.xmlasc?1?1?,,,,,
126063711145,,,091714084842,09/17/2014,13:48:42,,09/17/2014,,09/22/2014,,CTN25,170,,1275,LB,,,,,,,,,,,UYSN,M,Unyson,,,250005296,,,,,,,,,,,,,,,,,,,,,,,,,,,,,,,,,,,,,,,,,,,,,,,,6301188602,,,,,,CTN25,170,,,,,,,,,,,,,,,,,,,,,,,,,,,,,00008512380041409632,,,,,,,,,,,GM,00008512380041408123,,,,,,,UP,851238004014,,,,,,,,4,EA,680,,,4,,,,,,,,,,,,,,,,,,,,,,,\\Covhouprod01\MyB2BFiles\MyB2BFiles\DataFiles_V2\01026762440\Inbox\XMLASC\126063711145_01026762440_20140_{126063711145}_{2-2-8}_{850}_{6301188602}_0.xmlasc?1?1?,,,,,
126063711145,,,091714084842,09/17/2014,13:48:42,,09/17/2014,,09/22/2014,,CTN25,170,,1275,LB,,,,,,,,,,,UYSN,M,Unyson,,,250005296,,,,,,,,,,,,,,,,,,,,,,,,,,,,,,,,,,,,,,,,,,,,,,,,6301188602,,,,,,CTN25,170,,,,,,,,,,,,,,,,,,,,,,,,,,,,,00008512380041409649,,,,,,,,,,,GM,00008512380041408123,,,,,,,UP,851238004014,,,,,,,,4,EA,680,,,4,,,,,,,,,,,,,,,,,,,,,,,\\Covhouprod01\MyB2BFiles\MyB2BFiles\DataFiles_V2\01026762440\Inbox\XMLASC\126063711145_01026762440_20140_{126063711145}_{2-2-8}_{850}_{6301188602}_0.xmlasc?1?1?,,,,,
126063711145,,,091714084842,09/17/2014,13:48:42,,09/17/2014,,09/22/2014,,CTN25,170,,1275,LB,,,,,,,,,,,UYSN,M,Unyson,,,250005296,,,,,,,,,,,,,,,,,,,,,,,,,,,,,,,,,,,,,,,,,,,,,,,,6301188602,,,,,,CTN25,170,,,,,,,,,,,,,,,,,,,,,,,,,,,,,00008512380041409656,,,,,,,,,,,GM,00008512380041408123,,,,,,,UP,851238004014,,,,,,,,4,EA,680,,,4,,,,,,,,,,,,,,,,,,,,,,,\\Covhouprod01\MyB2BFiles\MyB2BFiles\DataFiles_V2\01026762440\Inbox\XMLASC\126063711145_01026762440_20140_{126063711145}_{2-2-8}_{850}_{6301188602}_0.xmlasc?1?1?,,,,,
126063711145,,,091714084842,09/17/2014,13:48:42,,09/17/2014,,09/22/2014,,CTN25,170,,1275,LB,,,,,,,,,,,UYSN,M,Unyson,,,250005296,,,,,,,,,,,,,,,,,,,,,,,,,,,,,,,,,,,,,,,,,,,,,,,,6301188602,,,,,,CTN25,170,,,,,,,,,,,,,,,,,,,,,,,,,,,,,00008512380041409663,,,,,,,,,,,GM,00008512380041408123,,,,,,,UP,851238004014,,,,,,,,4,EA,680,,,4,,,,,,,,,,,,,,,,,,,,,,,\\Covhouprod01\MyB2BFiles\MyB2BFiles\DataFiles_V2\01026762440\Inbox\XMLASC\126063711145_01026762440_20140_{126063711145}_{2-2-8}_{850}_{6301188602}_0.xmlasc?1?1?,,,,,
126063711145,,,091714084842,09/17/2014,13:48:42,,09/17/2014,,09/22/2014,,CTN25,170,,1275,LB,,,,,,,,,,,UYSN,M,Unyson,,,250005296,,,,,,,,,,,,,,,,,,,,,,,,,,,,,,,,,,,,,,,,,,,,,,,,6301188602,,,,,,CTN25,170,,,,,,,,,,,,,,,,,,,,,,,,,,,,,00008512380041409670,,,,,,,,,,,GM,00008512380041408123,,,,,,,UP,851238004014,,,,,,,,4,EA,680,,,4,,,,,,,,,,,,,,,,,,,,,,,\\Covhouprod01\MyB2BFiles\MyB2BFiles\DataFiles_V2\01026762440\Inbox\XMLASC\126063711145_01026762440_20140_{126063711145}_{2-2-8}_{850}_{6301188602}_0.xmlasc?1?1?,,,,,
126063711145,,,091714084842,09/17/2014,13:48:42,,09/17/2014,,09/22/2014,,CTN25,170,,1275,LB,,,,,,,,,,,UYSN,M,Unyson,,,250005296,,,,,,,,,,,,,,,,,,,,,,,,,,,,,,,,,,,,,,,,,,,,,,,,6301188602,,,,,,CTN25,170,,,,,,,,,,,,,,,,,,,,,,,,,,,,,00008512380041409687,,,,,,,,,,,GM,00008512380041408123,,,,,,,UP,851238004014,,,,,,,,4,EA,680,,,4,,,,,,,,,,,,,,,,,,,,,,,\\Covhouprod01\MyB2BFiles\MyB2BFiles\DataFiles_V2\01026762440\Inbox\XMLASC\126063711145_01026762440_20140_{126063711145}_{2-2-8}_{850}_{6301188602}_0.xmlasc?1?1?,,,,,
126063711145,,,091714084842,09/17/2014,13:48:42,,09/17/2014,,09/22/2014,,CTN25,170,,1275,LB,,,,,,,,,,,UYSN,M,Unyson,,,250005296,,,,,,,,,,,,,,,,,,,,,,,,,,,,,,,,,,,,,,,,,,,,,,,,6301188602,,,,,,CTN25,170,,,,,,,,,,,,,,,,,,,,,,,,,,,,,00008512380041409694,,,,,,,,,,,GM,00008512380041408123,,,,,,,UP,851238004014,,,,,,,,4,EA,680,,,4,,,,,,,,,,,,,,,,,,,,,,,\\Covhouprod01\MyB2BFiles\MyB2BFiles\DataFiles_V2\01026762440\Inbox\XMLASC\126063711145_01026762440_20140_{126063711145}_{2-2-8}_{850}_{6301188602}_0.xmlasc?1?1?,,,,,
126063711145,,,091714084842,09/17/2014,13:48:42,,09/17/2014,,09/22/2014,,CTN25,170,,1275,LB,,,,,,,,,,,UYSN,M,Unyson,,,250005296,,,,,,,,,,,,,,,,,,,,,,,,,,,,,,,,,,,,,,,,,,,,,,,,6301188602,,,,,,CTN25,170,,,,,,,,,,,,,,,,,,,,,,,,,,,,,00008512380041409700,,,,,,,,,,,GM,00008512380041408123,,,,,,,UP,851238004014,,,,,,,,4,EA,680,,,4,,,,,,,,,,,,,,,,,,,,,,,\\Covhouprod01\MyB2BFiles\MyB2BFiles\DataFiles_V2\01026762440\Inbox\XMLASC\126063711145_01026762440_20140_{126063711145}_{2-2-8}_{850}_{6301188602}_0.xmlasc?1?1?,,,,,
126063711145,,,091714084842,09/17/2014,13:48:42,,09/17/2014,,09/22/2014,,CTN25,170,,1275,LB,,,,,,,,,,,UYSN,M,Unyson,,,250005296,,,,,,,,,,,,,,,,,,,,,,,,,,,,,,,,,,,,,,,,,,,,,,,,6301188602,,,,,,CTN25,170,,,,,,,,,,,,,,,,,,,,,,,,,,,,,00008512380041409717,,,,,,,,,,,GM,00008512380041408123,,,,,,,UP,851238004014,,,,,,,,4,EA,680,,,4,,,,,,,,,,,,,,,,,,,,,,,\\Covhouprod01\MyB2BFiles\MyB2BFiles\DataFiles_V2\01026762440\Inbox\XMLASC\126063711145_01026762440_20140_{126063711145}_{2-2-8}_{850}_{6301188602}_0.xmlasc?1?1?,,,,,
126063711145,,,091714084842,09/17/2014,13:48:42,,09/17/2014,,09/22/2014,,CTN25,170,,1275,LB,,,,,,,,,,,UYSN,M,Unyson,,,250005296,,,,,,,,,,,,,,,,,,,,,,,,,,,,,,,,,,,,,,,,,,,,,,,,6301188602,,,,,,CTN25,170,,,,,,,,,,,,,,,,,,,,,,,,,,,,,00008512380041409724,,,,,,,,,,,GM,00008512380041408123,,,,,,,UP,851238004014,,,,,,,,4,EA,680,,,4,,,,,,,,,,,,,,,,,,,,,,,\\Covhouprod01\MyB2BFiles\MyB2BFiles\DataFiles_V2\01026762440\Inbox\XMLASC\126063711145_01026762440_20140_{126063711145}_{2-2-8}_{850}_{6301188602}_0.xmlasc?1?1?,,,,,
126063711145,,,091714084842,09/17/2014,13:48:42,,09/17/2014,,09/22/2014,,CTN25,170,,1275,LB,,,,,,,,,,,UYSN,M,Unyson,,,250005296,,,,,,,,,,,,,,,,,,,,,,,,,,,,,,,,,,,,,,,,,,,,,,,,6301188602,,,,,,CTN25,170,,,,,,,,,,,,,,,,,,,,,,,,,,,,,00008512380041409731,,,,,,,,,,,GM,00008512380041408123,,,,,,,UP,851238004014,,,,,,,,4,EA,680,,,4,,,,,,,,,,,,,,,,,,,,,,,\\Covhouprod01\MyB2BFiles\MyB2BFiles\DataFiles_V2\01026762440\Inbox\XMLASC\126063711145_01026762440_20140_{126063711145}_{2-2-8}_{850}_{6301188602}_0.xmlasc?1?1?,,,,,
126063711145,,,091714084842,09/17/2014,13:48:42,,09/17/2014,,09/22/2014,,CTN25,170,,1275,LB,,,,,,,,,,,UYSN,M,Unyson,,,250005296,,,,,,,,,,,,,,,,,,,,,,,,,,,,,,,,,,,,,,,,,,,,,,,,6301188602,,,,,,CTN25,170,,,,,,,,,,,,,,,,,,,,,,,,,,,,,00008512380041409748,,,,,,,,,,,GM,00008512380041408123,,,,,,,UP,851238004014,,,,,,,,4,EA,680,,,4,,,,,,,,,,,,,,,,,,,,,,,\\Covhouprod01\MyB2BFiles\MyB2BFiles\DataFiles_V2\01026762440\Inbox\XMLASC\126063711145_01026762440_20140_{126063711145}_{2-2-8}_{850}_{6301188602}_0.xmlasc?1?1?,,,,,
126063711145,,,091714084842,09/17/2014,13:48:42,,09/17/2014,,09/22/2014,,CTN25,170,,1275,LB,,,,,,,,,,,UYSN,M,Unyson,,,250005296,,,,,,,,,,,,,,,,,,,,,,,,,,,,,,,,,,,,,,,,,,,,,,,,6301188602,,,,,,CTN25,170,,,,,,,,,,,,,,,,,,,,,,,,,,,,,00008512380041409755,,,,,,,,,,,GM,00008512380041408123,,,,,,,UP,851238004014,,,,,,,,4,EA,680,,,4,,,,,,,,,,,,,,,,,,,,,,,\\Covhouprod01\MyB2BFiles\MyB2BFiles\DataFiles_V2\01026762440\Inbox\XMLASC\126063711145_01026762440_20140_{126063711145}_{2-2-8}_{850}_{6301188602}_0.xmlasc?1?1?,,,,,
126063711145,,,091714084842,09/17/2014,13:48:42,,09/17/2014,,09/22/2014,,CTN25,170,,1275,LB,,,,,,,,,,,UYSN,M,Unyson,,,250005296,,,,,,,,,,,,,,,,,,,,,,,,,,,,,,,,,,,,,,,,,,,,,,,,6301188602,,,,,,CTN25,170,,,,,,,,,,,,,,,,,,,,,,,,,,,,,00008512380041409762,,,,,,,,,,,GM,00008512380041408123,,,,,,,UP,851238004014,,,,,,,,4,EA,680,,,4,,,,,,,,,,,,,,,,,,,,,,,\\Covhouprod01\MyB2BFiles\MyB2BFiles\DataFiles_V2\01026762440\Inbox\XMLASC\126063711145_01026762440_20140_{126063711145}_{2-2-8}_{850}_{6301188602}_0.xmlasc?1?1?,,,,,
126063711145,,,091714084842,09/17/2014,13:48:42,,09/17/2014,,09/22/2014,,CTN25,170,,1275,LB,,,,,,,,,,,UYSN,M,Unyson,,,250005296,,,,,,,,,,,,,,,,,,,,,,,,,,,,,,,,,,,,,,,,,,,,,,,,6301188602,,,,,,CTN25,170,,,,,,,,,,,,,,,,,,,,,,,,,,,,,00008512380041409779,,,,,,,,,,,GM,00008512380041408123,,,,,,,UP,851238004014,,,,,,,,4,EA,680,,,4,,,,,,,,,,,,,,,,,,,,,,,\\Covhouprod01\MyB2BFiles\MyB2BFiles\DataFiles_V2\01026762440\Inbox\XMLASC\126063711145_01026762440_20140_{126063711145}_{2-2-8}_{850}_{6301188602}_0.xmlasc?1?1?,,,,,
126063711145,,,091714084842,09/17/2014,13:48:42,,09/17/2014,,09/22/2014,,CTN25,170,,1275,LB,,,,,,,,,,,UYSN,M,Unyson,,,250005296,,,,,,,,,,,,,,,,,,,,,,,,,,,,,,,,,,,,,,,,,,,,,,,,6301188602,,,,,,CTN25,170,,,,,,,,,,,,,,,,,,,,,,,,,,,,,00008512380041409786,,,,,,,,,,,GM,00008512380041408123,,,,,,,UP,851238004014,,,,,,,,4,EA,680,,,4,,,,,,,,,,,,,,,,,,,,,,,\\Covhouprod01\MyB2BFiles\MyB2BFiles\DataFiles_V2\01026762440\Inbox\XMLASC\126063711145_01026762440_20140_{126063711145}_{2-2-8}_{850}_{6301188602}_0.xmlasc?1?1?,,,,,
126063711145,,,091714084842,09/17/2014,13:48:42,,09/17/2014,,09/22/2014,,CTN25,170,,1275,LB,,,,,,,,,,,UYSN,M,Unyson,,,250005296,,,,,,,,,,,,,,,,,,,,,,,,,,,,,,,,,,,,,,,,,,,,,,,,6301188602,,,,,,CTN25,170,,,,,,,,,,,,,,,,,,,,,,,,,,,,,00008512380041409793,,,,,,,,,,,GM,00008512380041408123,,,,,,,UP,851238004014,,,,,,,,4,EA,680,,,4,,,,,,,,,,,,,,,,,,,,,,,\\Covhouprod01\MyB2BFiles\MyB2BFiles\DataFiles_V2\01026762440\Inbox\XMLASC\126063711145_01026762440_20140_{126063711145}_{2-2-8}_{850}_{6301188602}_0.xmlasc?1?1?,,,,,
126063711145,,,091714084842,09/17/2014,13:48:42,,09/17/2014,,09/22/2014,,CTN25,170,,1275,LB,,,,,,,,,,,UYSN,M,Unyson,,,250005296,,,,,,,,,,,,,,,,,,,,,,,,,,,,,,,,,,,,,,,,,,,,,,,,6301188602,,,,,,CTN25,170,,,,,,,,,,,,,,,,,,,,,,,,,,,,,00008512380041409809,,,,,,,,,,,GM,00008512380041408123,,,,,,,UP,851238004014,,,,,,,,4,EA,680,,,4,,,,,,,,,,,,,,,,,,,,,,,\\Covhouprod01\MyB2BFiles\MyB2BFiles\DataFiles_V2\01026762440\Inbox\XMLASC\126063711145_01026762440_20140_{126063711145}_{2-2-8}_{850}_{6301188602}_0.xmlasc?1?1?,,,,,
126063711145,,,091714084842,09/17/2014,13:48:42,,09/17/2014,,09/22/2014,,CTN25,170,,1275,LB,,,,,,,,,,,UYSN,M,Unyson,,,250005296,,,,,,,,,,,,,,,,,,,,,,,,,,,,,,,,,,,,,,,,,,,,,,,,6301188602,,,,,,CTN25,170,,,,,,,,,,,,,,,,,,,,,,,,,,,,,00008512380041409816,,,,,,,,,,,GM,00008512380041408123,,,,,,,UP,851238004014,,,,,,,,4,EA,680,,,4,,,,,,,,,,,,,,,,,,,,,,,\\Covhouprod01\MyB2BFiles\MyB2BFiles\DataFiles_V2\01026762440\Inbox\XMLASC\126063711145_01026762440_20140_{126063711145}_{2-2-8}_{850}_{6301188602}_0.xmlasc?1?1?,,,,,
126063711145,,,091714084842,09/17/2014,13:48:42,,09/17/2014,,09/22/2014,,CTN25,170,,1275,LB,,,,,,,,,,,UYSN,M,Unyson,,,250005296,,,,,,,,,,,,,,,,,,,,,,,,,,,,,,,,,,,,,,,,,,,,,,,,6301188602,,,,,,CTN25,170,,,,,,,,,,,,,,,,,,,,,,,,,,,,,00008512380041409823,,,,,,,,,,,GM,00008512380041408123,,,,,,,UP,851238004014,,,,,,,,4,EA,680,,,4,,,,,,,,,,,,,,,,,,,,,,,\\Covhouprod01\MyB2BFiles\MyB2BFiles\DataFiles_V2\01026762440\Inbox\XMLASC\126063711145_01026762440_20140_{126063711145}_{2-2-8}_{850}_{6301188602}_0.xmlasc?1?1?,,,,,
